mpn,id
E70 KIT,00-2
OSK9-2MC,00-3
OSK9-4MC,00-4
ESAVTD20VM,0011-2
DC-ME-Y402-LX,0012-1
101-0691,0013-1
NCS36000DRG,0014-1
CS-205SSS-A,0015-1
DRV411AIRGPT,0016-1
MIC184BMM,005-1
G-NIMO-003,010-1
TE0820-04-3AE21MA,010-3
KIT-103O,011-1
RE46C100E8F,022-1
RSD51M200,03093-1
KIT-106E,033-2
KIT-302,044-1
MNK2-9-CG-CRF-ROG,1-10
EZO-PSR,1-11
ADNB-2051-TLK,10-2
PGA309ASPWT,10-3
NCS36000DG,100-1
0163.00302.021401,100-2
MAX31855JASA+T,10003-1
AD9847KST,10004-1
20-101-0435,10005-1
SOMDM3730-11-1783JFIR,10006-1
EC-VA-H265-10B-60-4K-MD00C-SX660,10007-1
20-101-0454,10008-1
WVMP100,10009-1
EC-VA-H264-10B-60-1080-OPVXC-0000,10010-1
MIC281-5BM6,10011-1
NPA-500B-10WG,10012-1
MYC-CZU4EV-4E4D-1200-I,10013-1
STARTERKIT91200-CM-A,10014-1
SDAH01,10015-1
ADNB-6031,10016-1
ZTP-148SR,10017-1
ADNB-2621,10023-1
ADNB-3042,10026-1
TLV2393IDR,10026stk01
KIT CE821,10036-1
LTC2946CDE#TRPBF,10036stk01
ADNB-2032-TLP,10037-1
ESTHW50AM,10042-1
H3530,10043-1
DDF59100I,10044-1
SOMOMAP3530-12-1783JFIR,10045-1
RE46C100S8F,10046-1
ESAVTR20ADM,10047-1
RTI-835H,10048-1
SOMAM3517-10-1780FJCR,10049-1
0166.02002.020401,10050-1
TDC1000PWR,10051-1
MOD5234-200IR,10053-1
BS2PE,10054-1
BS2P24,10055-1
ADNB-2050-RLK,10056-1
20-101-0673,10057-1
RE46C318E8F,10058-1
SSCMRNN015PA3A3,10059-1
TE0320-00-EV02I,10060-1
G120E-SM-532,10061-1
MNK2-9-CG-PHL-ATT,10062-1
ZSSC3240CI6B,10063-1
SL298CELL,10064-1
WSK-900-0000,10065-1
LM34CZ/NOPB,10066-1
G3RS001,10067-1
MPXH6101A6U,10068-1
S5-R2000D40,10069-1
LM235H/NOPB,10070-1
DPRCAN0005NG0000A5,10071-1
STARTERKIT91200-VIBE-V,10072-1
MAX6664AEE,10073-1
MNK2-9-EG-HVC,10074-1
DS1822-PAR,10075-1
MC74HC153ADTR2G,10075cdb01
LM74CIMX-5,10076-1
WSK-900-0011,10077-1
101-0494,10078-1
SSCDANN015PD2A5,10079-1
KP253HP,10080-1
ADNB-3081,10081-1
KIT-102P,10082-1
STARTERKIT9700-VIBE-V,10083-1
STARTERKIT9700-TANK-A,10090-1
G400S-SM-480,101-1
S-5470A21I-M5T1U,101-3
ADNB-6011,10106-1
CY7C460A-25PC,10111
20-101-0488,10111-1
EDM1-IMX6Q-MSD-BW,10112-1
SN74CBTLV3125DR,10113
AD22057RZ,10113-1
STMICROCURRENTSENSE-KIT-ND,10114-1
TE0720-04-61C530A,10115-1
WSK-900-0006,10116-1
ADNB-6031-EV,10117-1
ADNB-2611,10118-1
TE0803-04-4BE11-A,10121-1
ADNB-3061-RLP,10127-1
74FCT521ATQG8,10127stk01
COM8116ITP,10127stk02
SN74CBTS3384DBLE,10127stk03
MNK2-9-CG-PHL-ROG,10145-1
XTR110AG,10146-1
O3-SENSE-00,10147-1
1004308-2,10148-1
STS-31-DIS,10149-1
BMP581,10150-1
TE0720-04-31C33MA,10153-1
MNK2-9-EG-SMB,10156-1
CE321 KIT,10157-1
STARTERKIT9700-TANK-V,10158-1
TMP37GRTZ-REEL7,10160-1
T3113,10161-1
SDP810-500PA,10162-1
TE0820-04-4AE21MA,10163-1
0167.00603.020401,10165-1
LM62BIM3-NS,10166-1
KIT-202F,10167-1
ADNB-5031,10168-1
LDPW 0003R,10169
CE621 KIT,10169-1
ATM90E26-YU-R,10170
SY89547LMG-TR,10193
SN74LS253N,10199
RE46C190S16F,102-1
90E25PYGI,10201
PGA302EPWT,10201-1
MC74F253DR2,10202
LM1815M/NOPB,10202-1
KIT-101P,10205-1
XTR117AIDGKR,10213sup-1
RE46C120E16F,1024601-1
CD54ACT280F/3A,10247
ADNB-3081-RLK,10250-1
100-1225-1,10285-1
AD8497ARMZ-R7,10287-1
ADNB-3082,1029-1
G3SC002,102A-1
MNK2-9-CG-CRF-ATT,102A-2
TE0745-02-92I31-A,103-1
HMC1055,1030-1
SI5338J-B-GM,1030b1
CRT8002B-020P,1030b10
VLM-520-52 LPT,1030b11
CY28346ZC-2,1030b12
MCP3913A1T-E/MV,1030b13
SN74LS688DW,1030b16
DM74AS280N,1030b17
DM9324N,1030b18
74FCT521CTQG,1030b19
ADE7953ACPZ-RL,1030b2
74F403SPC,1030b20
MCP3910T-E/SS,1030b3
VLM-520-73 LPT,1030b4
ADE7761AARS,1030b6
MAX9100EUK,1030b8
78M6610+PSD/C02,1030b9
HSCMANN100PGSA5,1031-1
74F280SCX,10314
HA1-4900-8,1032b1
71M6542F-IGT/F,1032b10
LTC2946IDE#TRPBF,1032b11
QS72241-35JR,1032b12
FSTU6800MTC,1032b13
SN74F138N,1032b15
MAX9118EXK,1032b16
74F398PC,1032b17
CD54HCT688F,1032b19
SN74CBT1G384DBVR,1032b2
MC74F253N,1032b20
CY28346ZI-2,1032b4
74HC157D/S400118,1032b5
93L24PC,1032b6
ATDX-00,1032b7
MCP3905AT-E/SS,1032b8
71M6541F-IGT/F,1032b9
HSCMRRD005ND2A3,1033-1
ADNB-2621-RLP,1038-1
DS1726U/T&R,1039-1
RE46C180E16F,104-1
ADE7753ARSZ,10446
G3JB002,1049-1
STARTERKIT9700-CM-A,105-1
ADNB-2051,105-2
LM135H/NOPB,10500-1
ME-ZX5-30-1I-D10-R3.2,10501-1
ADNB-2050-RLP,10504-1
ADNB-2622-TLK,10505-1
1 INCH-D-4V,10506-1
XS-B14-CB1RB,10507-1
STARTERKIT9700-TH-A,10508-1
MPC8270CVRMIBA557,10509-1
TCN75-5.0MUA,10510-1
ADT7311WTRZ,10511-1
LM95231BIMM/NOPB,10512-1
BD1020HFV-TR,10513-1
WSK-900-0004,10514-1
MPX53GP,10515-1
MPXV4006GC7U,10516-1
HSCMRRD006MD2A3,10517-1
TSIC 501F TO92,10518-1
MCZ33793EFR2,10520-1
XPP100300S-04R,10521-1
AK9724AE,10522-1
SDP610-125PA,10524-1
CEA203 KIT,10525-1
MAX6657MSA+,10526-1
MA5D4-20A0A051E_1,10527-1
2513130810301,10528-1
EM01B FLD,10529-1
KIT-INS2-CO-02,10531-1
CS-9S6SS-A,10532-1
G-TPCO-035,10538-1
NPA-500B-02WG,10539-1
G3FC001,1054-1
WSK-900-0015,10542-1
LS6506R-S,10543-1
26PCAFA6G,10544-1
ADNB-2612-TLK,10545-1
0166.02102.020401,10546-1
XTR117AIDGKT,10550-1
LMT84LPG,10552-1
TE0808-05-9BE21-AK,10553-1
DRV411AIPWPR,10554-1
SDAH02,10555-1
KIT-106D,10557-1
BPS320-AA015P-4MG,10558-1
ASDXAVX100PG2A5,10561-1
"N74F280BD,602",10563
KIT-105F,10565-1
ADNB-6011-EV,10566-1
DC-VA-H264-10B-60-4K-OPVIC-0000,10567-1
RE46C317E8F,10568-1
SDP31-500PA-TR-1500PCS,10569-1
NPA-500B-02WD,10570-1
ADNB-3061,10571-1
KIT-103DX,10572-1
8252.G6.2530.01.19.34.40,10573-1
MAX6627MTA+T,10574-1
STARTERKIT9700-PRES-A,10575-1
ME-XU5-5EV-2I-D12E-R1.2,10576-1
2-5-00-690-150,10577-1
RE46C112E8F,10579-1
MNK2-9-CG-CPR-ATT,10580-1
AD8494ARMZ-R7,10581-1
MP3V5050VC6U,10582-1
MLX90641ESF-BCB-000-TU,10583-1
WVMP200,10584-1
XTR108EA/2K5,10585-1
XTR116U,10586-1
ADNB-6012,10587-1
XTR103AP,10589-1
PCT2075GVX,10590-1
DX80N9Q45THA,10591-1
MPXM2202A,10592-1
DS1859E-020/T&R,10593-1
AD22100ATZ,10594-1
ADNB-6001-EV,10595-1
WSK-900-0014,10596-1
TSIC 306 SOP-8,10597-1
SSCDRRN001PGAA5,10599-1
SR-KIT,106-1
MAX6697UP34+,1060-1
SDP816-125PA,10600-1
SOMOMAPL138-10-1503QHCR,10601-1
LM75CIMX-3,10602-1
LS6511N,10603-1
NBPLLNN015PAUNV,10604-1
TDC7201ZAXT,10605-1
CS-125SSS-A,10606-1
JN5169-001-M03-2,10607-1
AD7815ART-REEL7,10608-1
BU21079F-E2,1061-1
WB1-9-00-DCC1NNNN-0000-LR,10615-1
1 MBAR-D-4V,10616-1
MAX31820PARMCR+,10617-1
KIT-107E,10618-1
WSK-900-0001,1062-1
CE521 KIT,10622-1
ADNB-5032,1063-1
6711-KA-1X1-RI,1064-1
ADNB-2032,1065-1
WSK-900-0026,10655-1
H-864,10656-1
STARTERKIT91200-HVAC-A,10657-1
STARTERKIT91200-TANK-V,10659-1
KIT-INS2-CO-01,1066-1
STARTERKIT9700-TH-V,10660-1
ADNB-2031-RLK,10661-1
MNK2-9-CG-SMB-ROG,10665-1
MNK2-9-CG-MFT-ROG,10666-1
WSK-900-0010,10667-1
ADNB-2611-RLK,10668-1
MNK2-9-CG-HVC-ATT,10669-1
STARTERKIT91200-PRES-A,10671-1
M-EC-KIT-1.0,10672-1
KIT-102O,10675-1
Q112160,10677-1
MNK2-9-CG-RES-ROG,10679-1
AD7817ARUZ,1068-1
EC-KIT-10,10680-1
STARTERKIT9700-VIBE-A,10683-1
STARTERKIT91200-TANK-A,10684-1
TR-AK-EVO-MINI-4,10685-1
TLC-100-DIST,10686-1
WSK-900-0022,10687-1
0184-45903-1-009,1069-1
ZRO2-SYSTEM-485,10692-1
C3121,10693-1-s1
ZSSC3240CC6B,10699-1
MIC284-2BMM,107-1
ADNB-2031,107-2
19C030PG4K,1070-1
ME-XU7-6EG-1I-D11E-R4,10700-1
QT300-D,10701-1
TR-MFX,10706-1
ADNB-2612,10707-1
ADNB-6012-EV,10708-1
ADNB-2622,10709-1
WSK-900-0027,10720-1
Q112118,10721-1
ADNB-2050,10722-1
ADNB-5022,10723-1
KIT-INS2-H2S-03,10724-1
SMK-KIT,10725-1
OSK9-2TC,10726-1
STARTERKIT9700-PRES-V,10727-1
KIT-301,10728-1
KIT-201F,10729-1
OSK9-1TC,10734-1
KIT-INS2-CO-03,10735-1
H-832-4,10736-1
STARTERKIT91200-PRES-V,10737-1
STARTERKIT91200-TH-V,10740-1
CEA402 KIT,10746-1
54-76247,10747-1
ZRO2-SYSTEM-A25,1076-1
U3430,1076-10
NCV1124DR2G,1076-11
RE46C105S14F,1076-12
BND-WILOW-X-INC-2G-30B-EHR,1076-13
GLOB-S087A-L868EU,1076-14
MCXL-S055BC-I_1,1076-15
XPP100200S-02R,1076-16
RE46C180S16F,1076-17
ATSAMA5D27-SOM1,1076-18
WIFI-TH,1076-19
BS2PX24,1076-2
SOMOMAP3503-12-1783GFIR,1076-20
ME-SA1-C6-7I-D10-R3,1076-21
XP1001000M-05R,1076-22
RBS306-ATH-EXT-US,1076-23
MYC-CZU3EG-4E4D-1200-C,1076-24
TE0710-02-72I21-A,1076-25
ZSSC3240CC1B,1076-3
RE46C165E16F,1076-4
T7310,1076-5
TE0723-03-11C64-A,1076-6
XP1002000-05R,1076-7
MAXM86146CFU+,1076-8
EC-VA-MPEG2-8B-60-1080-OPVXC-0000,1076-9
ADNB-6002-EV,1077-1
DRV411AIPWP,108-1
2JCIE-BL01-P1,10801-1
RE46C104E14F,10802-1
MAX31888ALT+,10803-1
TR-MFX-PCB,10804-1
H-848,10805-1
MPXY8300A6U,10806-1
MYC-YA157C-V2-4E512D-65-C,10808-1
5525DSO-SB005GS,10810-1
MAX6635MSA+,10813-1
ABP2DSNT150PGAA5XX,10814-1
HSCMAND150PA4A3,10818-1
ADNB-3062-TLK,10820-1
LM82CIMQA/NOPB,10824-1
KPY57-RK,10825-1
26PC05SMT,10827-1
HDC2022DEPR,10829-1
MNK2-9-CG-MRF-ROG,1083-1
SSCDRNT1.6BAAA3,10830-1
CC-MX-PF47-ZM,10831-1
RE46C168S16F,10847-1
MAX31855JASA+,10849-1
XTR115U,10852-1
BPS120-AG01P0-2DG,1088-1
ASM000018,10888
MAX31850EATB+,1089-1
QS3VH257S1G8,10907
MCP3905L-E/SS,10908pr0001
LT1016CDR,10909
7T.51.0.230.4360,1094-1
UNO-7HW,1095-1
RE46C141SW16F,1096-1
SCM-20260E-B,1097-1
20-101-0405,1098-1
SDP800-500PA,1099-1
DC-VA-H264-10B-60-4K-MD00C-SX660,11-2
TDC7200PWR,11-3
ADNB-3082-TLK,110-1
GWB10008,1100-1
MAX31850JATB+T,1101-1
MAX31850JATB+,1102-1
TPIC8101DW,1103-1
101-0446,1104-1
5748-PJ-4AA-RI,1105-1
MCP39F521T-E/MQ,11055
CD74HC85MT,11055pr0011
SGW8130B,1106-1
LTK001ACN8#PBF,1107-1
SOMOMAPL138-10-1603QHIR,1108-1
5CSE-L2-3Y8-RC,1109-1
FAGD1636048BA,11096
MNK2-9-EG-ITS,111-1
KIT-104O,111-2
T3417,1110-1
2DC-VA-H264-10B-30-4K-MD00C-SX660,1111-1
ME-ZX1-35-1I-D10-R3,1112-1
RE46C119S16TF,1113-1
VLM-520-58 LPO-D20-F40,11133
SN74LVC138AD,11133pb01
EZ80F915005MODG,1114-1
MAX6691MUB+,1115-1
XP100200S-05R,1116-1
SI5338D-B-GM,11169
82V3001APVG,11170
MTCH112T-I/MF,1118-1
XTR116UA/2K5,1119-1
SI5338L-B-GMR,11197
CD74AC238M96,11198
H-832-2,112-1
114090021,112-2
5962-9162304MXC,1120-1
101-0507,1121-1
TL393ID,11211
SN65LVCP22PW,11213
CD74HC85PWT,11215
RE46C167S16TF,1122-1
RE46C104S14TF,1123-1
5CSX-H5-4YA-RI,1124-1
SN74LVC1G19DBVT,11248c01
CY7C429-65AC,11249
20-101-0518,1125-1
T0213D,1126-1
ADE7566ASTZF16,11267
DS1624+,1127-1
0136-45803-1-042,1128-1
90E22PYGI,11289
20-101-1138,1129-1
HSCDANN060PGSA3,1129-2
9DB833AGILF,11290
72T18125L5BBI,11291
MA-ZX3-20-2I-D10-R7,1130-1
SN74LS148D,11303
TE0741-03-410-2CF,1131-1
RIHF-S185A-L915US,1132-1
XTR105P,1133-1
ASM000002,11335
STB-TCI,1134-1
ADE7854ACPZ-RL,11344
ASM000516,11344pb01
CD74HC280MT,11344pr0007
CD74HCT85E,11345
MYC-Y7Z010-4E512D-667-I,1135-1
TE0715-05-71C33-A,1135-2
PGA900ARHHT,1135-3
RE46C180S16TF,1136-1
114992870,1137-1
SN74LS688N,11371
9FG108EGLF,11371pb01
74AC11521DW,11374pb01
T7311,1138-1
78M6610+PSU/B00,11385
74HC40105PW/S911118,11385pb01
MAX31855TASA+T,1139-1
ADM1294-1BACPZ-RL7,11399
ADNB-3082-TLP,114-2
SOLUTIONSKIT9-TH,1140-1
SN74CB3T16210DGGR,11407pr0001c01
5V41066PGGI,11408pr0005c01
MAX22195ATJ+,1141-1
ME-XU5-2EG-1I-D11E-R1.2,1142-1
AD693AQ,1143-1
MAX1452ATG+,1144-1
RE46C108E8F,1145-1
SN74ACT7203L50RJR,11458
D3120,1146-1
HDC2021DEBT,1147-1
SN74ACT7205L25NP,11476
QS7201-10Q,11477
M53-7BD1CI,1148-1
24PCAFA6D,1149-1
TE0745-02-72I31-A,1149-2
1759-1048-KIT,115-1
ADNB-2622-TLP,115-2
113990756,1150-1
3352-HX-X27-RC,1151-1
RE46C168E16F,1152-1
AD694AQ,1154-1
PT8A2641WEX,1160-1
82P33814ANLG,11602pr0001b
MM74HC688MTC,11609
AD8495ARMZ-R7,1161-1
SI5324C-C-GM,11610
74AHC157PW-Q100118,11618
MTCH652-I/MV,1162-1
MYC-Y6ULY2-V2-4E512D-50-I,1163-1
AK9723AD,1164-1
AT42QT5480-CU,1168-1
MAX9926UAEE/V+,1169-1
ADNB-2051-TLP,117-1
TE0710-02-100-2CF,1170-1
EM01B PRO,1171-1
BDL.WS.S2,1172-1
XTR111AIDGQRG4,1174-1
MC145012ED,1175-1
S5-E100D40,1176-1
TPIS 1S 1385 / 5029,1177-1
71M6603-IL/F,1177stk01
H4531R,1178-1
MAX6575LZUT,1179-1
ADNB-3062,118-1
ADNB-6002,118-2
AD7314ARMZ-REEL7,1180-1
LM34DM/NOPB,1181-1
STPM12ATR,11816pr0001
SI53106-A01AGM,11816pr0002
SI52112-B3-GM2,11816pr0003
LM393APWLE,11816pr0006
PEF2035NV4.1-ACFA,11816pr0013
AD71056ARZ,11816pr0017
VLM-650-27 LPT-30,11818pr0004
WB1-9-10-A5A5NNNN-0000-LR,1182-1
SGW8130A,1183-1
SN74ACT7205L50NP,11835
SY100E160JZ,11836
D6F-PH0505AMD4,1184-1
IPT0020A33R,1185-1
ADE7759ARSZ,11854
MAX6625RMTT+T,1186-1
KP212K1409XTMA1,1187-1
26PCCFH6G,1188-1
NBPLLNN060PGUNV,1189-1
ADNB-2031-RLP,1190-1
KIT-303,11905-1
KIT-INS2-H2S-02,11908-1
WSK-900-0020,11909-1
DS1822+PAR,1191-1
1010066,11910-1
1428-1156-KIT,11912-1
MC74F258AD,11929
VLM-635-58 LPO-D15-F90,11939
9DB108BGLF,11940
LM25056APSQE/NOPB,11942
4525-DS5A001DP,1195-1
TS8000,1196-1
SN74CBT3306DR,1196stk01
0166.01102.020401,1197-1
MAX7360ETL+T,1197-2
ADE7166ASTZF8,11970
TR-AK-EVO-MINI-8,1198-1
KIT-105O,1199-1
MAX14626ETT+T,12-1
XTR110KU,12-3
ADNB-5021,120-1
20-101-1131,1200-1
UNO-6SR,1200-2
IQS269AD0CSR,1200M-1
MAX1452AAE+T,1202-1
71M6542G-IGT/F,12023
U4440M,1203-1
LS6525-S,1204-1
668-1573-KIT,120438-1
AD8497CRMZ,1205-1
CY2310ANZPVC-1,12053
SN74LVC139APW,12054
SN74AS866ADW,12057
SN74F157AD,12058
TE0803-04-4DE11-A,1206-1
SN74LS684N,12061
SNJ54F280BJ,12062
MAX9966BGCCQ,12067
TPL9202PWPR,1207-1
WB1-9-00-DCC4TRNN-0000-LR,1208-1
2EC-VA-H264-10B-30-1080-MD00C-A200T,1209-1
EMC1812T-2E/RW,121-1
H3021,1210-1
ADPD4000BCBZR7,1210-2
S4-E2000D40,1211-1
D3633,1211-2
RE46C108S8TF,1212-1
LM75BIMX-3,1212-2
MYC-C7Z010-4E1D-667-I,1213-1
DS75LVU+,1213-2
D3631,1214-1
LM20CIM7,1214-2
74HC153D,12146
20-101-1093,1215-1
NTM88H135T1,1215-2
DLP-TH1C,1216-1
RE46C144SW16TF,1216-2
325212001-00,1217-1
LMT87DCKT,1217-2
2EC-VA-H265-10B-30-4K-MD00C-SX660,1218-1
ADNB-2032-TLK,1218-2
LM335M/NOPB,1219-1
PT8A2647PE,1219-2
DLP-245PL-G,122-1
ABPDANN005PG2A3,1220-1
MNK2-9-CG-HVC-ROG,1220-2
TE0600-03-52I11-A,1221-1
CEA 403 KIT,1221-2
ZSSC3240CI1B,1222-1
ADNB-3081-RLP,1222-2
T3117,1223-1
ESTDW50AM,1223-2
MNK2-9-CG-CPR-ROG,1223-3
20-101-0434,1224-1
1WIRE-THS,1224-2
ZSSC3240CI2B,1224.1-1
MAX7360ETL+,1224A-1
MOD-ORP,1225-1
ESTDD50AM,1225-2
AD693AE,1226-1
TE0813-01-2AE11-A,1226-2
MAX31915AUI+,1227-1
XTR104BU,1227-2
DX80N9Q45VTP,1228-1
MYC-C7Z020-4E1D-766-I,1228-2
MA-ZX2-10-2I-D9-R2,1229-1
ASM000810,122c01
MNK2-9-CG-RES-ATT,123-1
DC-ME-Y402-LX-JT,1230-1
T3118,1230-2
5728-PJ-4AA-RI,1231-1
ESAVTD20AM,1231-2
DRV401AIRGWR,1231-3
D6T8L06,1232-1
ME-XU8-7EV-2I-D12E-R2.1,1233-1
EC-VA-H264-10B-60-4K-OPVIC-0000,1233-2
19C200PG4K,1234-1
ZSSC3230BI1B,1234-3
MCV-X2DB_1,1235-1
20-101-1329,1235-2
20-101-1196,1236-1
ADNB-2611-RLP,1236-2
ADIS16300AMLZ,1236-3
MNK2-9-CG-ITS-ROG,1237-1
ISM303DACTR,1239-1
TE0745-02-91C31-A,1239-2
ADNB-6032-EV,124-1
MCV-X6DB_1,1240-1
GE-2098,1240-2
RE46C144S16TF,1241-1
DG8065101418900,1241-2
BU21170MUV-E2,1242-1
20-101-1195,1242-2
TE0711-01-100-2I,1242D-1
RE46C105E14F,1243-1
TDC1000PW,1244-1
RE46C143SW16F,1245-1
ESAVTD20ADM,1245-2
RE46C144S16F,1246-1
LM84BIMQA,1247-1
CM.S2.V1,1247-2
13A-015G,1248-1
RBS305-ATH-US,1248-2
SOMIMX8MNS-10-29C0DMCR,1249-1
TMP75CQDRQ1,125-1
STARTERKIT91200-CM-V,125-2
SSCDANN010NG2A3,1250-1
MLX90614ESF-DCA-000-TU,1251-1
CE121 KIT,1252-1
MNK2-9-CG-SMB-ATT,1253-1
54F521LMQB,12531
EC-KIT-0.1,1254-1
H-832-3,1255-1
CEA205 KIT,1256-1
ASM002712,1256stk01
LM70CIMM-3/NOPB,1257-1
KP108-PS,1258-1
TMP17FSZ,1259-1
CA0339E,12592
WSK-900-0005,126-1
MIPAN1XX100PSAAX,1260-1
MAX9921AUB/V+T,1260-2
CD4066BNS,12600c01
71M6541G-IGT/F,12602
"74HC688PW,118",12607ass01pr01
90E21PYGI,12610pr0001
ADN2818ACPZ,12622
LM32CIMTX,1263-1
TE0715-05-71I33-A,1264-1
TE0807-03-4AI21-A,1265-1
SL-660-S-A-RPP016ES,12651
SN74F521DWR,12659
LM77CIM-3-TI,1266-1
SOLUTIONSKIT9-TANK,1267-1
30 INCH-D-MV,1268-1
LM32CIMTX/NOPB,1269-1
NB6L72MNG,12693
SN74ALS137AN,12694
71M6521DE-IM/F,12695
5749-PM-4AA-RI,1270-2
SDP610-500PA,1271-1
ZSSC3240CC5B,1271-2
ESTC2WV,1272-1
EMC1833T-2E/RW,1273-1
8473.H1.5630.02.19.61.T2.01,1274-1
54180DM,12744
ADXC1500AWBRGZ-RL,1275-1
9ZXL1252EKILF,12758
PTE7100-22DC-0B050BN,1276-1
LM77CIM-5/NOPB,1277-1
ADP5111,1278-1
SN32283N,12785pr0002
LM135AH,1279-1
43A-015A,128-1
MPXV7007GC6U,128-2
DS1620S-001/TR,128-3
D6T-1A-01,1280-1
MAX31856MUD+T,1281-1
S-8120CPF-DRB-TF-U,1282-1
"74HC139D,653",12825
MC1066DBR2,1283-1
BPS130-HA100P-1MG,1284-1
NSCSHHN030PDUNV,1285-1
NPA-300B-05WD,1286-1
WB1-9-00-TRNNNNNN-0000-LR,1287-1
EMC1823T-2E/9R,1288-1
MC74F280D,12888pr0001
NPP-301A-100A,1289-1
ADE7156ASTZF16-RL,128stk01
DFB-1310C-PM-150,128stk02
MAX6677AUT3,1290-1
LM35AH/NOPB,1291-1
COMT-S040A-L868EU,1292-1
101-0698,1293-1
CS5463-IS,12938
ADM1032ARZ-1,1294-1
116CP31-M10S3-50,1295-1
AD7416ARMZ,1296-1
MAX6577ZUT+T,1297-1
OSD3358-512M-ISM,1298-10
3354-HX-X38-RI,1298-11
ADM1022ARQ-REEL,1298-12
ESTC5WVM,1298-13
ZSSC3240CC2B,1298-14
TE0808-04-BBE21-A,1298-15
S3-E2000D40,1298-16
XPDNC200S-01,1298-17
ME-AA1-480-2I3-D12E-R2,1298-18
RE46C140S16F,1298-19
M53-7BD1CI_1,1298-2
AD694BRZ-REEL,1298-20
20011529-00,1298-21
RE46C190S16TF,1298-22
T8148,1298-23
PT8A2648WEX,1298-24
ISL29501IRZ-T7A,1298-25
TE0807-03-7DI21-A,1298-3
101-0404,1298-4
M100PF-3AC,13-2
KPY53-AK,130-1
NPA-730B-10WD,1300-1
SN74LVC138ARSVR,13039
26PCFFM6G,1306-1
CEA 403/BK KIT,1307-1
1810-DX-225-RC,1308-1
MNK2-9-EG-CRF,1309-1
TE0823-01-3PIU1ML,131-1
ADNB-3062-TLP,1310-1
CY7C462A-25PTC,13124
90E22PYGI8,13128
SI53019-A02AGM,13131
CY7C4221V-15JC,13132
CDCU877ANMKR,13133
9DBL0841BKILFT,13135
8S58021AKILF,13136
24PCBFA6D,1314-1
SL298TR-A,1315-1
SOMOMAP3530-21-1780AGIR,1316-1
CY7C433-65JI,13161
CD74ACT280E,13164
ADE5569ASTZF62,13165
SN74ALS258AN,13168
QS72221-50JR,13170
CY7C4211-15JC,13172
A10S-P8-X5E-RC-SA,1318-1
6711-AB-3X3-RC,1319-1
T3413,132-1
ADNB-3042-TLP,132-2
PTE7100-23DC-0E050BN,1320-1
BU21072MUV-E2,1321-1
WB1-9-00-DCTRTRNN-0000-LR,1322-1
FDC2112QDNTTQ1,1323-1
M12FTH3Q,1324-1
8741004AGLF,13246
VLM-520-57 LPO-D10-F20,13247
MTCH650-I/MV,1325-1
SN74ALS233BN,13255
ADE7166ASTZF16-RL,13258
MAX3806GTC+,1326-1
SSCDRRN005ND2A5,1327-1
HSCDRRN002NDAA3,1328-1
4703BDM,13288
SN74HC253N,13289
100-1218-1,1329-1
CY74FCT480BTQCT,132a
ADNB-6032,133-1
MAX31855KASA+T,1330-1
RE46C144E16F,1331-1
RE46C165S16F,1333-1
SN74HC688PWR,13336pr0001
CD74HC688M96,13341
ADE7878ACPZ,13355
QS72241-15JR,13358
MAX31911AUI+,1338-1
MAX6629MUT-T,1339-1
ADE5169ASTZF62,13392pr0001
G3JB004,134-1
ADNB-7051-EV,134-2
LA6393D-E,13415
ADNB-3061-RLK,1345-1
0166.00202.020401,1347-1
KIT-203F,1351-1
WSK-900-0007,1352-1
71M6534-IGT/F,13523
9DBL411BGILFT,13525
71M6511H-IGTR/F,13527
KIT-105DX,1353-1
9FGV0641AKLF,13530
SN74S280NSRE4,13531pr0001
PLT5 522EA_Q,13531pr0002
CY74FCT480BTQCTE4,13532
SN74CBT3125D,13533
78M6613-IM/F/PW6,13535
SI5324D-C-GM,13538
MD3-KIT,1354-1
KIT-103P,1355-1
DS1631+,1356-1
AD7417BRZ,1357-1
CY7C460A-15JC,13583
ASM000514,13584
PI6LC48P0301LIE,13585
CD74AC280M96,13586
S2-D40D200,136-1
UNO-7TR,1360-1
FST3125MTCX,13607
67C4023-10N,13608
CY28346OC,13609
FPS-SMS101501,1361-1
SSCSNBN005NDAA5,1362-1
4515-DS5A002DP,1363-1
27901,137-1
MNK2-9-CG-AGM-ROG,137-2
2-5-00-690-151,1370-1
"74HCT139DB,112",13703
STARTERKIT91200-HVAC-V,1371-1
QS3251XQ,13722
71M6532F-IGT/F,13739
ADNB-2621-RLK,1374-1
OSK9-4TC,1376-1
COM8136T-027CD,13770
PI4MSD5V9540BUEX,13777
71M6543GT-IGT/F,13780
ASM000019,13781
MM74HC251MTCX,13786pr0001
MXL1116CN8,13786pr0002
7200L12SOG,13795pr0002
CA0339F,13799
KIT-204F,138-1
STARTERKIT91200-TH-A,1380-1
CD74HCT688M96,13801
CS5464-IS,13802
SN74ALS688DW,13804
STARTERKIT91200-VIBE-A,1381-1
SN74CB3T3257PW,1381cdb01
TXS ENG KIT 02,1383-1
ASM000619,13832
D6355I,13858
74F521SJ,13862
SN74LVC157AD,13869
SN74CBTD3384CDGVR,13879
SN74CBTLV3253PW,13880
9DBV0741AKILF,13884
SI52112-B6-GTR,13969
CD4585BD,13970
74LS139PC,13973
CY7C421-15AC,13975
SI52112-B3-GT,13976
SI52138-A16AGM,14
NPP-301B-700AT,14-1
CE421 SWT MAG KIT,140-1
ADNB-2612-TLP,140-2
CRT8002B-032BI,14013
ASM002701,14094
TMP117MAIDRVT,1411-1
KP216K1409,1413-1
PI6C557-03LEX,14137
NPP-301A-700A,1414-1
TMP03FT9Z,1415-1
TSIC 716 TO92,1416-1
SSCDANN100PG5A5,1417-1
NPP-301A-700AT,1417-2
LM90CIMM,1418-1
MAX6688AU40H,1419-1
MLX90614KSF-ACC-000-TU,1420-1
SSCDANT015PGAA3,1421-1
AD805BN,14210
ASM000608,14211
74F280SC,14218
DS1621V+,1422-1
"74HC237D,653",14222
SN74ALS236N,14222pr0002
74F521DC,14226c11
SY89545LMG,14226c21
MAX31855NASA+,1423-1
MC74A5-50T,1424-1
5 INCH-G-P4V-MINI,1425-1
LM92CIM/NOPB,1426-1
CS5461AK-ISZ,14269
HSCDRRN400MD2A3,1427-1
GLOB-S081A-L915US,1428-1
SSCMRNN1.6BA7A5,1428-2
MC74VHC157DT,14294
PY28349BOC,14301
MAX6502UKP095-T,1431-1
ADT7481ARMZ,1432-1
0163.01102.021401,1433-1
50426460,1434-1
COM5016HR,14417
SN74ACT7204L15RJ,14418
SN74HC158N,14518
STARTERKIT9700-CM-V,146-1
XS-Z16-CB1R,1461-1
AD22103KRZ-RL,1462-1
AD22057RZ-RL,1463-1
LM94021BIMG,1467-1
AD51/046-0,1468-1
CD4066BM96G4,14682
VLM-520-55 LPT,1468stk01
ZSSC3123AA1B,1469-1
KIT-104P,147-1
1 INCH-D-MV,1470-1
UPC319C-A,14704
VLM-635-04 LPA,14721
ADNB-6001,1474-1
EC-KIT-1.0,1475-1
SI52204-A01BGM,14769
MCP39F501T-E/MQ,14769pr0001
SI52111-B4-GM2,14769pr0002
CY7C4205V-25ASC,14769pr0004
74F280SJ,14769pr0009
932SQ420DKLF,14769pr1019
VLM-635-58 LPO-D60-F90,14769pr1038
CY7C425-15JC,14769pr1050
SN74ACT7200L15RJ,14769pr1056
17-015A,1477-1
DPRCAN0002NG0000A5,1478-1
CY7C421-65AC,14786
3352-HX-XX7-RI,1479-1
26PCFFA2G,1480-1
MAX31725MTA+T,1481-1
ZRO2-SYSTEM-V25,1484-1
MAX1668MEE+,1491-1
LM71CIMF/NOPB,1492-1
NB7L72MMNHTBG,14923
DS75LVU,1495-1
SI52142-A01AGMR,14pb01
ASM000218,14pb02
9ZXL1231AKILF,14pb04
71M6543G-IGT/F,14pb05
MC74VHC4066DT,15
ADM1032ARM,15-1
PR49-24K,150-1
71M6532D-IGT/F,15068
78M6613-IM/F,15071
SN74AS280DE4,15082
RE46C803SS20T,151-1
SDP611,1514-1
MODM7AE70-100IR,1516-1
71M6533G-IGTR/F,1516cdb01
MAX6647MUA+,1517-1
ADM1032ARMZ-REEL,152-1
"74HC280D,653",15207
QS7201-15Q,15208
SN74ACT7200L35NP,15209
ADM1032AR-REEL,1521-1
QS7201-12V,15211
BPS120-AD01P0-2DG,1522-1
AD590KRZ-RL,1523-1
LM70CIMMX-3,1524-1
9LPRS525AGLFT,15254
7202LA12SOG,15279
FXPS7550A4T1,1528-1
VLM-650-21 LPT,15319
ASM000101,15320
QS7201-25SO,15327
TLC354MN,15332
FST3253MTCX,15395
MCP3906A-E/SS,15396
CY7C4235-15JC,15397
SN74ACT7202LA25NP,15427
ASM000506,15444
CBT3306D-Q100J,15449
26PCFFA6D,1545-1
CA0239M96,15450
78M6618-M/F/P1,15454pr0001
VLM-850-03 LPA,15454pr0002
VLM-520-53 SPT,15454pr0003
74HC280P-E,15454pr0004
ASM000004,15455
LMV7255M7X,15470
MC10H160PG,15515
CY7C4282-10ASC,15516
ASM000116,15535
CS5460CK-ISZ,15571
QS7201-20Q,15573
LA6339ML-TE-L-E,15575
TLC352MP,15576
MAX9955BDCCB+D,15577
CD4585BFX,15579
SI5338A-B-GM,15580
LTC2947IUHF-65#TRPBF,15582
SI52208-A01AGM,15613
SN74ACT7200L25DVR,15613a
ADE7854AACPZ,15623pr0002
ASM000609,15623pr0003
JM38510/31101SEA,15623pr0004
QS3245YPA,15623pr0005
QS7201-20P,15624
CD74HC147PWR,15625pr0001
DSC557-0344FI0T,15625pr0002
74ACT521SJ,15625pr0003
MC74ACT139M,15625pr0005
QS7224-30V,15625pr0006
DSC557-053333KL1T,15626pr0001
"74AUP2G157GD,125",15626pr0002
SN74ACT7205L20NP,15626pr0004
CY28322ZC-2T,15626pr0005
ASM000715,15627
RLD78MZM7-00A,15627pr0002
SN74ACT7801-18FNR,15627pr0003
74AC157SC,15627pr0005
CY7C421-10JC,15627pr0006
ASM000220,15627pr0008
"74LVC157ABQ,115",15627pr0009
CD40105BFX,15627pr0010
67C4033-10N,15627pr0011
9DBV0841AKILF,15627pr0012
VLM-520-59 LPO-D15-F10,15627pr0013
SN74HC153N,15672
SN74ACT72221L20RJ,15677
74AC138SC,15679pr0001
SN74ALS528D,15706
159353850B1300,15707
CDCU877RHAT,15744
SN74LS682NSR,15745
9FGL0641AKILF,15793
N82S62NB,15847
ADE7759ARSRL,15868
SA14051BDR2,15875pr0006c01
78M6611-IVTR/F,15875pr0007c01
54LS224AJ/B,15875pr0011c01
93L24DM,15894
9ZXL1231AKLFT,15899
MC74HC157AFL2,15900
MCP3905LT-I/SS,15906
90E25PYGI8,15908
LTC2946HDE-1#TRPBF,15933
MM8505I,15934
SN74LVC257APW,15935
SN74HC138ADB,15944
SI52111-B6-GT,15945
VLM-520-02 LPT,15947
CD74AC153M96,15950
MPC9824AC,15954
QS7201-25V,15956
MAX71334LECQ+,15957
VLM-635-63 LPO-50,15958
"74CBTLV3245PW,118",15962
LM25056PSQ/NOPB,15964
SN74ACT7205L35RJ,15965
MCP39ITR10-E/SS,15966
MAX989EKA,15975
SN74CBT3125CD,15979
SN74V3690-6PEU,15981
QS7201-35JR,15983
SN74HC688PWRG4,15987
DM74AS286M,15989
STPM10BTR,15991
SN74ACT72211L25RJ,15994
ADE7816ACPZ-RL,15995
67C401-10NSHRP,15996
9DBV0441AKLF,16087
LTC2946IMS-1#TRPBF,16097
QS74FCT521DTSO,160ac02
VLM-635-59 LPO-D60-F10,16117
CD74AC280E,16121
9DBV0441AKILF,16129
ASM002609,16135
9FGP202AKLF,16195
MCP3918A1-E/ML,16196
CY7C4291V-15JXC,16205
67C401-15N,16236
71M6543FT-IGT/F,16265
74HC139PW-Q100118,16304
SN74F521N,16320
ADE7953ACPZ,16321
MCP3906T-I/SS,16375
QS725420A-30PF,16385
QS72211-25JR,16389
VLM-635-59 LPO-D20-F90,16434
QS723620-30PF,16499
AD7751AARS,164c01
ADE7751ARSZ,16530pr01
MAX973CSA-TG068,16541
9DB403DGILF,16577
DM74AS286MX,16584
SI5338C-B-GM,16597
VLM-635-58 LPO-D60-F20,16598
ATM90E32AS-AU-Y,16600
SN74LS685N,16606pat0001
VLM-520-53 LPA,16685
U2102B-MFPY,16686
DM7130J/883,16697
SN74CBTD3306D,16698
XRT8000ID-F,16699
MAX9120EXK,16701
ZL30136GGG2,16727
MC74HC153ADR2G,16770
VLM-650-01G LPA,16855
9348DMQB,16856
74HCT280DB112,16857
DM74AS280MX,16874
VLM-635-58 LPO-D30-F20,16925pr0003c01
COM8116T-016P,16925pr0007c01
9DBU0841AKLF,16968
9DBL0851BKILF,16985pr0001a
CD4063BE,17
PI6LC48P0201LIE,17003
ZL30122GGG2,17005
SN74CB3Q3244RGYR,17048
SN54F518J,17114
5962-8672601FA,17164
CS5462-ISZ,17178
MC14066BDG,17237
AM7203A-50JC,17250
54F521DC,17297
9FG830AGLF,17304
SI52112-A1-GM2,17306
HVL142AKRF-E,17308
AB-557-03-HCHC-F-L-C-T,17311
MAX9030AUT,17317
SN74HCT138D,17318
VSC8248YJH-02,17375
MM74HC688SJ,17417
ASM000110,17418
AM6685DL,17435
AM7201-25JCTR,17458
MC74HC153ADG,17478
MC74HC157AFL1,17485
ATBX-00,17492
ASM000720,17494
5V41235NLG,17540
QS7203-2OP,17578
MC74HC280F,17646
93S47PC,17744
QS3125X,18012
CW25-TIM,18018
74AC280SJX,18394pat0002
DFB-1550H-PM-20,18455
ADM1294-1AACPZ,18488
CD74ACT257M96,1850pr0001
QS7201-25JR,1850pr0002
MAX71020AETI+,1851pr0001
9403APC,18520
932SQ428AKLF,18527
74F280PC,1852pr0004
9DB433AGILF,1853pr0001
AM7203A-50RC,185c01
MIC833BM5,18646
LMK00338RTAR,18649
78M6610+PSU/C09,18652
ZL30132GGG2,18653
MCP3912A1-E/MQ,18674
M8085I,18677
BAR64-06WH6327,18720
SI53152-A01AGM,18762
MAX9075EXK,18763
9DB801CGLFT,18783
QS74FCT1280BTSO,18805
R8A66170SP#T1,18806
74FST3383DT,18814
ASM000717,18816
MCP3907T-I/SS,18823
QS54FCT521ATQ,18825pr0007
SN74CBT3306CPWR,18825pr0011
MAX71335LECQ+,18844
SN74HC138PWT,18852pr0001
74AC520PC,18853
ASM000520,18854
SN74AS286DR,18855
QS74FCT2521ATQ,18857
9DB423BGLF,18895pr02
TLV1393ID,18896
ADE7752ARRL,18917
67C4013-15N,18918
ASM000510,18921
SN74LS280NSR,18922
"74HC688DB,112",18927
ASM000117,18937
9DB104BGLF,18970
SN74ACT7200L15RJR,18980
ASM000713,18984
SN74AS286NSRG4,19000
9FG430AGILFT,19001
AD9548BCPZ,19010
ASM000212,19011
PEB2036NV4.1,19013
74AC280SC,19030
67C4023-15N,19034
950811AGLFT,19038
ASM002607,19053
SN74CBTD3384CPWR,19084
JM54AC521S2A-RH,19105
DM74ALS520WMX,19133
RLD65NZX1-00A,19134
CY7C421-25PC,19220
CD4585BPW,19285
72V82L15PAG,19338
SI5338M-B-GM,19343
CD4063BM96E4,19344
78M6610+PSD/B02T,19349
QS3VH16233PAG,19350
SN74ACT7205L50RJ,19353
74AC11521N,19361
100179J-MIL,19364
90E32AERGI8,19365
MM74HC138M,19415
5962-8867201EA,19416
UPC177C-A,19417
74FST3251QS,19418
CD74HC688PW,19419
SN74ACT7206L20NP,19420
VLM-520-59 LPO-D30-F10,19421
CY28346ZCT,19422
VLM-520-28 LPT,19423
MCP3912A1-E/SS,19424
ASM002602,19425
CY7C4241-10AC,19426
QS725420A-20PF,19430
ASM002503,19431
SN74CB3Q3125PW,19440
MC74F283D,19451
ADM1293-1BARUZ-RL7,194cx1
CD74HC147PW,19520
MPU810ATC,19593
QS7201-20JR,19663
SN74ACT7205L20RJ,19708
72V36110L6PFG,19796
LMX393AUA,19802
AM7201-35JC,19818pr0013
ADSST-73360LAR,19818pr0025
CY7C421-10VC,19819pr0014
MC74AC158D,19819pr0026
MC10170L,19820
ADE7758ARWZRL,19942
RLD90QZW5-10A,20230
SN74LS257BN,20302
MC74F181N,20310
CD74AC251M,20339
LTC2946IMS#TRPBF,20356
ADE7854ACPZ,20375pr01
78M6610+PSU/C01,20409
CD74HCT251M,20497
SNJ54F280BW,20678
LTC2946IDE-1#TRPBF,20706
ASM002504,20710
CD74HCT147M96,20715
ADE7757ARNZRL,20717
9DB803DGILF,20736
ASM002601,20748
LMK00338RTAT,20793
ASM000001,20794
CRT8002B-033,20820
"CBTD3306D,118",20854
LTC2946IMS#PBF,20915
SN74ALS280NG4,20922
CY28323PVC,21
ADE7769ARZ,21028
LTC2946MPMS-1#PBF,21029
9DB202CGLF,21046
ADE7116ASTZF16,21107
SY10E160JZ,21112
NCX2222GM125,21151
SY10E193JC,21188
74HC139D-Q100118,21190pr0001
SN74ACT7202LA50RJ,21238
M74HC280B1R,21239
71M6541GT-IGT/F,21273
932S890CKLF,21274
MCP3910A1T-E/SS,21308
"74HC153D,652",21310
VLM-635-32 LPA,21709
CY7C425-20JC,21711
M6355I,21845
ADE7566ASTZF8-RL,21928
74AC521SC REEL,21990
CY7C425-20JCT,21996
SN74ACT722331L50RJ,21997
SN74LS280D,2230
VLM-520-58 LPO-D60-F40,2231
JM54AC521SSA-RH,22667
74F280SC,22721
9DML0451AKILF,22881
82P33914NLG,22886
SN74LS158N,22888
CY7C420-30PC,22889
UPC277C(31)-A,2291
CY7C472-15JC,2300
ASM000012,2301
ADE7752ARZ,2302
MAX71020AETI+T,2302pb04
ADE7761BARSZ-RL,2302pr29047
DSC557-054444KI1,2312c02
MCP3910A1-E/SS,23146
MAX998EUT,2335
CD40101BFX,2335p30
CS5462-ISZR,2335pr02
NTE74LS85,2335px1
ZL30157GGG2,2338
MAX9450EHJ,2339
SN74ACT7201LA15NP,2340
74F280PC,2341
82P33910-1BAG,2343
90E22PYGI8,2347
QS74FCT2521CTP,2348b
QS72221-20JR,2349a
VLM-520-52 LPB,2352
CD4512BPWR,2357
SN74ACT7200L15DV,2362b
57401AW/883B,236ac01
VLM-650-27 LPT-10,236bc96
VLM-635-58 LPO-D10-F10,23717
VLM-520-58 LPO-D15-F90,23742
CW25-GDO-DK1-010.0.M,2376
ICM7213IPD,2377
CY7C419-25VC,23927
CD4063BMT,23969
CRT8002A-005,2397
VLM-520-58 LPO-D110-F40,23972pr0021
MC74AC157M,23973pr0022
CY7C4221-15JC,2399
CD74HC85NS,23990
74F253SC,2401
M5233FP#TF1J,24054
FSTU6800MTCX,24055
DSC557-0343FI0,2412a
MM6505I,2412b
ADE7757ARN,2413
SL-660-S-A-RPP017ES,2415
CRT8002C-0003P,2417
"CBT3125DS,118",24180
9FGV0441AKILF,24181
MAX903ESA-TG068,24184
ASM002512,24186
VLM-520-59 LPO-D60-F90,2419
CD74HCT688M,2420
SN74HC138DB,2421
CD4585BPWE4,2423
CYF0036V33L-133BGXI,24307
QS7224-15V,2431
SN74LS139AN,24315
LM293JG,2431p12
LM339ANS,2431pr0017
LM393P3,2431pr0028
67C401-25J,2431pr0061
COM8136BICD,2431pr0062
LTC2946CMS-1#PBF,2431pr0076
MC10H160MEL,2431pr0077
CY7C429-30AC,2431pr0081
SN74AS280NSR,2432
QS74FCT280TQ,2433
SN74LS85D,2434
MAX900BEWP,2435
SY100E160JC,2436
SN74ACT3651-20PBC,2437
"74HC688PW,118",2439
QS7224-20P,2441
AY-5-8116-003,2444
9FG104EGILF,2445
MDB1900ZBQZY01,2446
9ZXL0831AKLFT,24463
SN74LV157ANS,2446px5
CY74FCT480ATQCT,2447
CY7C455-14JI,2449
M74HC280RM13TR,2449pb06
9LPRS365BGLFT,2450
UPC177C(3)-A,2452
CD54HC688F3A,2453a
VLM-520-02 LPA,2454a
C67402N,2454b
SN74ACT7201LA35NP,2456
ASM000712,2456px1
MC74HC138ADT,2458
SN74LS348N,24593
CD74AC158M,2460
932SQL456AGLF,2462
9DBL411AKLFT,2465
SN74ALS280DRE4,2470
SN74LVC139ADR,2474
74FST3383QS,2475
CY7C4215-25AC,24765
SN74ACT72211L15RJ,2476a
9FGV0441AKLF,24781pr0001
SN74F253N,24789pr0001
78M6613-IMR/F/PW6,2479
9DBU0941AKILF,24806
MCP3910-E/SS,24807
NC7SV158L6X,2486
"74AHCT139D,112",2489
ADM1294-1BACPZ,24911
ADE7753ARSZRL,2493b
"74HC85D,653",2494
SN74CB3Q16244DGGR,2495
QS7202-15P,2496
CY7C4201V-25AC,24972
QS7204-50SO,24976
D405-20,2498
QS7203-50V,24980
DM74ALS520N,24988
LTC2946HDE-1#PBF,24989
ZL30146GGG2,24990
74F251ASC,24992
SN74ACT7200L20RJ,24996
AD9523-1BCPZ,25013
78M6618-IM/F,25051
5V41129PGG,2508
SN74AHCT138PW,25081
W40S11-23G,250pb01
54LS85FMQB,25104
UPC339C(5)-A,25117
SN74ALS280DRG4,2512
54S62FM,2513
STPM34TR,25139
VLM-635-59 LPO-D60-F20,2513p02
ASM000706,25140
MAX78615+ATL/A02T,2516
82V3012PVG,25164
SPL S4L90A_3 A01,2518
HA17393F-EL-E,25186
SN74S280D,25187
ASM000716,25221
SN74AS286NSRE4,25234
SN74ACT7807-25PAC,2524
9DB433AGLFT,2527
STPM01FTR,25275
CY7C443-30JC,2528
CY7C43684AV-10AC,2528pr0001
MC74LCX157MEL,2530
MAX71313LECB+,2536
ADE7752AARZ-RL,2539
CD40182BCN,2540
PEB2035PV4.1-ACFA,25403
D82C288-10,2542
9DB803DFLFT,25422
9ZXL1251EKILF,2543
VLM-520-58 LPO-D60-F10,2544
SN74ACT7206L50RJ,2546p01
CY7C4231-25JC,2547
CY7C419-15VC,2548
74FCT521ASCX,2551
LTC2946IMS-1#PBF,25546
SN74AS286N,25549
CDCU877RTBT,2555
AM7202A-25RC,255pb01
SN74ACT7201LA20DV,2561
VLM-520-58 LPO-D60-F90,2562
CRT8021H-031,2563
UPC311C-A,2566
AD9524BCPZ-REEL7,2569
QS7201-25Q,2570
74FST3253QS,2572
54F280/B2A,25765
CDCUA877NMKR,2577
ASM000105,2586p4g
82V3910AUG,25981
VLM-520-59 LPO-D110-F10,260pb01
CD4028BE,2610
VLM-635-03 LPA,26249
VLM-635-59 LPO-D10-F40,2625
ASM000615,2626
SN74HC151D,26276
ASM000020,263
RLD85NZJ4-00A,26341
7500001,26392
ADE7566ASTZF16-RL,2653
9VRS4339BKLF,2654
AD802-155KR,2655
LTC2946CDE-1#TRPBF,265ac01
OPV300,26603
"N74F280BN,602",266ac01
CY7C421-30AC,270c02
ASM000111,271pb01
AD7751AAN,271pb02
ASM000618,271pb03
SN74ACT7206L35RJ,271pb04
MC1246L,271pb05
"74HC85DB,118",271pb06
CY7C472-15JI,273
ADE7166ASTZF8-RL,2736
ADE5166ASTZF62,2744
PGAD1S03H,2757
MC74F85M,2780
74LS85DC,27ac01
ASM000701,27bc01
JM54AC521SRA-RH,27c
CY7C425-30JI,281
CD4556BM96,2815
SN74HC151PW,2817
78M6613-IM/F/PW4,2823
9DB1233AGLF,2825
CY7C421-30PC,28387
SNJ54LS689J,2847c02
9FGS9092ANBGI,2850a
74AC139SJ,2851
71M6541D-IGTR/F,2852
SN74CBTD3306PWR,2853
MK1491-09FILN,2854
SN74ALS688N,2855
MC74VHC4316D,2856
ADE7752AAR,2871a
"74HCT688N,652",2877
DS10CP154ATSQ/NOPB,28779
CD74HCT688MG4,2878c01
SN74ALS233BFN,28925
SL-450-100-S-B-60-5V,28929
CY7C4231V-25JC,29
ADE7116ASTZF8,2905
SN74ACT7204L50NP,29122
SI5338C-B01917-GM,2913cx1
SI53019-A01AGM,29161
71M6513-IGTR/F,2920
SL-660-S-A-RPP014ES,2921
VLM-520-27 LPT,2922
CD74HC85M,2926
SY100E193JZ,29889
ADF4169CCPZ,298c01
VLM-635-56 LPO-D5-F10,298c02
ZL30342GGG2,2994
VLM-635-58 LPO-D20-F10,29ac01
MC14053BFL1,30000
SN74LS157MR1,3001
93S46FM,3001a
ASM000503,3001mib
COM8116T-036P,3001p0d
ASM000217,3001pr1
93S48PC,3002
SN74ACT72221L50RJ,30027
SN74S85D,30027a
MC74VHCT138ADR2G,30027b
TPGEW1S09H,30028
100179W-MIL,30029
CS5463-ISZ,3002a
SN74LS688DW,3003
MC14066BDT,30031
ASM000216,30038
ADE7762ARWZ,3003a
SY100S360JZ,3003mib
CY7C425-10PC,3003pe1
CY7C43683AV-15AC,3003pe2
QS7204-15V,3003px2
SN74ACT7206L15RJ,3004
SN74LS85MEL,30041
VLM-635-59 LPO-D10-F90,30042
ASM000607,30043
ADN4612ACPZ,30044
9DBV0941AKLF,3004p0b
SN74AHCT138N,3004p18
ADE7752AR,3004p20
MAX934EPE,3004p50
SI5338Q-B04071-GM,3004p51
VLM-635-58 LPO-D60-F10,3004p60
CY7C425-25PC,3004p90
MCP3918A1T-E/ML,3004pr0017
SN65LVDT250DBT,3004pr20
557G-08LF,3004prc
SN74F251BD,3004px7
ASM000601,3005
78M6610+PSU/C09T,30055
MAX78615+PSU/A00,30056
VLM-635-59 LPO-D30-F10,3005pe1
MAX988EXK,3005pe2
CS5463K-ISZR,3005pe3
SN74LS253D,3005pr0006
CY7C4265-15AXC,3005pr17
SN74ALS280DG4,3005px2
RLD63NPC6-00A,3005px7
MAX9017AEKA,3006
SY89840UMG,3007
"74HC688DB,118",30076
VLM-650-02G LPT,3007mib
ASM000604,3008
MCP3905L-I/SS,30088
54F521FMQB,30089
9DB801BFLF,3008a
CD74HCT40105E,3008a06
SN74ALS234N,3008apb14
VLM-635-59 LPO-D10-F20,3008apb21a
SN74LS670N,3008apb26
ZL30163GDG2,3008apb29
SN74ACT2228DW,3008apb30
SY58026UMG,3008apb32
ADM1293-1AACPZ-RL7,3008apb34
LTC2946CMS#PBF,3008apb36
SN74AHC139PW,3008p04
MCP3918A1-E/SS,3008p08
MAX9018AEKA,3008pb025
72V2113L7-5BCI,3009
LM3302M96,30090
BAR8602ELSE6327XTSA1,30091
90E36ERGI8,30094
QS7204-25P,30099
QS74FCT521TS0,3009a
CY7C419-40VC,3009apb08
74HCT253D/DG118,3009apb23
PI6C557-01BZHIEX,3009apb39
CD74HC4515M,3009apb41a
OPV322,3009apb42a
CY7C43643-15AC,3009apb45a
ASM000517,3009apb62
VLM-635-56 LPO-D110-F90,3009p26
9DB433AGLF,3009pb015
COM8116T-033P,3009pb027
MC74F521M,3009pt1
SI52111-B5-GT,3010
CD74HCT147E,30101
871S1022EKLF,30102
OPV302,30103
SN74CB3T3125PWR,30104
LQPGAU1S03,3010pb001
74F280PC,3010pb007
RLD65NZX2-00A,3010pb035e
CD74HCT151E,3010pb035u
SN74ACT72231L20RJR,3010pb036e
PI6C557-05BLE,3010pt0
CD82C284-12,3010pt1
SI53112-A03AGM,3011
OPV314YAT,30115
DS25CP104ATSQ/NOPB,30121
ADE7755ARSZ,30132
SN74ACT7206L20RJ,30133
74FCT521KCTSO,30134
"N74F280BD,623",30135
DM74ALS521WMX,30136
SN74ALS520DW,30137
MAX9685MTW-4,30141
9FGP202AKLFT,30145
SN74145N,30148
CY7C429-65JC,30149
VLM-520-57 LPO-D5-F20,30150
ASNT8160-KMF,30151a
SN74LS157ML1,30151b
QS723611-20TF,30152pat0001
SI5338K-B-GM,30153
VSC8115XYA-05-T,30154
LA6393S-E,30155
VLM-650-22 LPT,30157
SN74ACT7202LA50DV,30158
72V02L15JG,30161
MAX918EUK,30162
SN74HC251NSR,30163
CD74HC688E,30165
COM8116ATT,30167
LTC2946MPMS#PBF,30168px1
SN74CBT3345PWR,30168px2
QS7203-12JR,30169
ASM000612,30170
SN74LS155AN,30171
SN74ACT7203L25RJ,30172
ADE7116ASTZF16-RL,30173a
SI5338B-B-GM,30173b
9DBL411BGLFT,30174
ADE7760ARS,30175
ZL30631LDG1,30176
VLM-650-29 LPT,30177
SN74ALS677ANT,30179
MCP3905AT-I/SS,30180
7204L12JG,30183
QS72225-25TF,30187a
RLD90QZW3-00A,30187c01
CY7C421-20JC,30189
MC74LCX138DTR2G,30190
CY74FCT480BTSOCTE4,30192
MCP3914A1-E/MV,30194
ADE7878AACPZ,3020
QS3VH257PAG8,3021
CD74HC85PWR,3022
9DB233AGLFT,30222
74AC11257PW,30228
74180PC,3023
ADE7156ASTZF8-RL,30236
CY7C4201-25JC,30237a
MAX900BMJP,30237b
SN74LS280DRG4,30238
CY7C4245-25JC,30239
AD7751AN,3024
"74CBTLV3861PW,118",30248
QS72225-20TF,30249
9DBV0831AKLF,30250pr01
AM7201-25JC,30256
QS7203-35P,30258p01
MC74F280DR2,30259
SN74ACT7203L15RJ,3026
SN74ACT7201LA15DV,30261p02
CD74HC688PWT,30263
MC74HC85FR1,3027
SN74CBTLV3245ADGVR,30273
ASM000513,30274
DSC557-04444KI1,30275
ADE5169ASTZF62-RL,3028
CD74FCT521ATM,30283
841S101EGILF,30285
SN74HCS238PWR,30287p01
82V3911AUG,3029
VLM-520-59 LPO-D30-F90,30293
CY7C4215-15JC,30294
54F280/BCA,3030
QS7204-15P,30303pb01
5V41067APGGI,3031
VLM-635-59 LPO-D30-F20,3032
74LCX138MTCX,30325
71M6541GT-IGTR/F,3033
VLM-635-56 LPO-D110-F10,30332
D8085I,3034
LTC2946CDE-1#PBF,30340
MC10160L,30343c01
4RCD0124KC0ATG,3034a
71M6523-IM/F,3035
MAX78630+PPM/D00,30350b
9ERS3165BKILF,30359a
"74HCT280D,653",3035a
CY2318BNZPVI-11,3035oldpb01
SN74LS684NS,3036
VLM-650-02 LPA,30362
VLM-520-57 LPO-D5-F10,30363
SN74CBT3306PWR,30363pb007
ADE7755ARS,30364
SL-450-100-S-B-45-5V,30365
CY7C425-30JC,30367a
SN74ALS688DWG4,30367apr01
CD74HC40105M,30367b
VLM-650-41 LPT30(90O),30367c
9DBL411BKLFT,3036a
ADE7816ACPZ-RL,3036oldpb01
9DB106BGILFT,3036oldpb02
MAX1756BAUT,3037
SN74ACT7202LA15NP,30374
74FST3400DW,30375
74FCT521ZCTSO,30375pr01
"74HCT4514PW,118",30377
QS7202-25JR,3038
VLM-850-81 LPT15,30383
74ACT11286D,30384
ASM000017,30385
SN74LS688NG4,30386
SN74ACT7201LA50NP,30387
950201AFLF,30388
ASM000115,30389a
9DB106BFILF,30389b
HA17903FPJ-E,30389c
CD4016BM96,3039
VLM-520-58 LPO-D20-F10,30391
CD74HC40105EX,30394
SI5324A-C-GM,30395
CD74HC85E,30396
90E23PYGI8,3039p23
VLM-635-56 LPO-D30-F90,3039p34
CD74FCT521DTM,3039p70
MC74HC157AFR2,3039pr0001
ADE9153AACPZ,3039pr0002
557GI-08LF,3039pr0005
VLM-520-59 LPO-D110-F90,3039pr0013
CD54HCT280F/3A,3039pr0014
TPG2EW1S09,3039pr0015
SI5338N-B-GM,3039pr0019
CD40101BD,3039pr0020
SN74S280NSRG4,3039pr62
74AC521SJX,3039px16
74ACT521MTCX,3039px23
SN74ALS2233AN,3039px7
QS7202-50P,30407
CY7C4231-15JCT,3040a
ZL30644LDG1,3040b
AY-5-8146T-005,3040bpr0003
SN74LVC1G19DCKR,3040p04
9FGV0431AKLF,3040p33
VLM-520-58 LPO-D15-F40,3041
SN74ACT7203L50NP,30414
MCP3913A1T-E/SS,3042
71M6203-IL/F,3043
QS7202-50SO,30432
QS3306XAS1,3044a
9FGV0841AKILF,3044b
QS74FCT1280ATSO,3045
9DBV0831AKILF,30459pb05
"74HC153D,653",30464
ASM000114,3046a
9DBL411BGLF,30474
IDT74FCT521TPY,30488c01
VLM-650-30 LPT30 (90O),3048a
AD71056ARZ-RL,3048c
CY7C409A-35DMB,30492
9DB102BGLFT,3049b
OPV382,30517
MAX71334LECQ+T,30518
CY7C4292V-25ASC,30520
72V273L10PFG,30526
SN74AHC157PW,30529p01
CY7C4201-25AC,30530
CY7C457-20JI,30552
ADE7858ACPZ-RL,30553
ADE7858AACPZ-RL,30554a
ASM000006,30562
CY7C419-40JC,30565
SN74LS280N,3058a
VLM-520-51 LPA,3058b
LTPGAU1S09,30592
ASM000215,30598
SN74ACT7206L15NP,30600pb06
STPMC1BTR,30602
71M6513-IGT/F,30602pb004
SI53119-A03AGM,30602pr0004
5V41234NLGI,30602pr0005
QS7204-15JR,30602pr0006
ASM002606,3062a
954101DFLFT,3062b
M5233FP#DF1J,3062c
VLM-850-01 LPT,3062oldpx1
MAX907MSA/PR,3063a
COM8146-6,3063b
CD4585BD3,30646a
78M6610+PSD/C02T,30648
SN74HC688DWRG4,3065
74ACT11520DW-G,3066
SN74CB3Q3306APW,30663
HA17903PS-01-E,3068b
SN74HCT139N,3068bp18
MCP39F511AT-E/MQ,3068bp26
MAX9152ESE+,3068bpb0041
SN74ALS677ADW,3068bpr0201
LTC2947IUFE#TRPBF,3068bpr0243
CY7C4221-15AC,3068bpr0245
CD74HC147E,3068bpr0281
25LS2521/BRA,3068bpr0282
CRT7004C-002P,3068bpr0294a
ADE7754ARZRL,3068bpr0329
MAX987EUK,3068bpx19
N82C288-10,3068bpx24
SN74HC138PW,3068bpx5
M6505I,3068bpx6
QS7202-20P,3069a
MM54HC688J,3069b
MC10H160FN,3069bp02
DM74AS280M,3069bp03
SY89855UMG,3069bp0a
SY100EP56VK4G,3069bp12
VLM-635-01 LPT,3069bp13
LMV331M5/MESN,3069bp52
ASM002709,3069bp55
SC239ADR2,3069bp68
HA17903PSD,3069bpa1
SI52212-A01AGM,3069bpa3
LT8500ITJ#PBF,3069bpb029
SNJ54ALS234J,3069bpr0016
SN74LVC1G139YZPR,3069bpr0055
SI52144-A01AGM,3069bpr0090
JM38510/31101SFA,3069bpr0099
9ZXL1231AKLF,3069bpr0100
SI5338A-B-GMR,3069bpr0101
SI52112-B6-GM2,3069bpr0115
VLM-520-29 LPT,3069bpr0143
CD74HC7030E,3069bps9
VLM-520-59 LPO-D10-F10,3069bpx36
CY7C425-40PC,3070b
MC74AC151DR2,3070bp60
78M6612-IMR/F,3070bp70
SN84443N,3081ac01
DSC557-053344KL1T,3081bc01
VLM-520-59 LPO-D20-F90,3081c
OPV314YBT,3081cc01
MC74VHCT138AM,3087ac01
HVL144A3KRF-E,3087bc01
CD4063BEG4,3087c
VLM-650-02G LPA20,31022
"TC7WPN3125FK,LF(CT",31023
SN74CBTD1G125DBVR,31041
CD40101BFS2225,31042
74HC280D/S400118,31059
9DBV0231AKILF,31062
SN74LV138AD,31070
ASM000213,31110
78M6631-IM/F/P48,31110pb070
CY7C429-25AC,31110pb071
JL111BHA,31110pb072
MC74F182N,31110pr0100
74HCT138PW-Q100118,31110pr0101
D8505I,31110pr0102
74HCT688P-E,31110pr0103
9DBL0442BKILF,31169
CY7C4201-25AI,31170
SI52146-A01AGM,31171
CY7C421-25JCT,31213
78M6610+LMU/BAP,31213pr0009
CD74AC138E,3127
QS72231-15JR,3127b
90E32ERGI8,31333
LM393APS,31333pb04
5V41064NLGI,3134
CD74HCT688EG4,3135c02
VLM-635-32 LPT,3135c03
VLM-650-03 LPT,3135c04
VLM-850-01 LPA,3137c01
9DMV0141AKILF,3139
ADE7751ARSZRL,3144
CD4063BK,3145
MC74ACT153N,31465
90E32ERGI8,3149c01
90E22PYGI,3176
MC74F251D,3176c01
CY74FCT480BTPCG4,3183a
CS5490-ISZR,3184
71M6543GHT-IGT/F,3185
9DBL0242BKILF,3186
9FG430AGLF,3187
NTE4063B,3188
SN74F520DW,3189
MC10160P,3190
MIC841NBC5,3192
QS72215-35TF,3193
71M6513H-IGT/F,3194
DM74LS151SJ,3195
HA17903FP-EL-E,31ac01
MAX900BCWP+,31bc01
78M6610+LMU/B01T,31c
COM8136-6P,31cc01
SI52112-A2-GM2,32000
CD4514BM,32002
9FG108EGLFT,32009
NC7SZ18FHX,32013
TLV2352IPWLE,32014
CD74HC158E,32015
9EPRS488CKLF,32016
74ACT257SCX,32017
SN74F280BD,32028
DM74AS286MX,32034
71M6521FE-IM/F,32039
MAX921MJA,32054
SN74ACT7203L50RJ,32056
TL514MJ/R,32059
CD4063BM96,32062
78M6631-IMR/F,32063
71M6521FE-IGT/F,32064a
MC74HC157ADTR2G,32064b
CY7C4275V-15ASXC,32065
SN74LS258BMEL,32072
MC74ACT153MEL,32073
74FCT521CTQG8,32083
MCP3918A1T-E/SS,32123b
SY69753ALHG,32124
SI5338C-B-GMR,32126
9DB233AGILF,32138
MC74LVXT8053DT,32140
CY7C4271-10AXI,32166
VLM-650-28 LPT,32171
9DB403DGLF,32174
SN74ACT72231L25RJ,32177
"74HC688PW,112",3218
78M6613-IMR/F,32184
SN74LS138NSR,32192
MAX3270EMH,32193
NCX2220GT115,32198
SY10E193JZ TR,32209
78M6618-IMR/F,32249
CD74HCT238E,32250
9FG104EGLFT,32269
VLM-650-37 LPT-30,32270
CD4063BM,32271
SI53102-A3-GMR,32278
SN74ACT7203L15NP,3228a
MAX908ESD,32291
74F521SC,32294
MAX900AEPP+,3229a
SN74HC688DWRE4,32308
CRT7004B-028BI,3230a
74FCT521ZATSO,32310
MC74HC139ADT,32310pb01
QS74FCT1280TQ,32310pb02
SN74ALS518NS,32310pb03
CD74HCT688M,32310pb05
SN74LS688N3,32316
6V49205BPAGI,32348
54ACT521J-MSP,32439a
QS7202-25SO,32449
ADM1293-2AACPZ,3245b
ASM000010,3245bp01
CD74HC688NS,3245bpx10
5V41068APGG,3245bpx11
CD4066BQDRQ1,3245bpx4
SN74ACT7204L50RJR,3245bpx8
VLM-780-01 LPA,3245bpx9
OPV310,3245c
LM760CJ-14,3245cpr0001
CD74ACT157E,3245cpr0002
PEF2035NV4.1ACFA,3245cpr0005
SN74HC158PW,32474
ADE7116ASTZF8-RL,32475
VLM-650-41 LPT(90O),32498
SI5315A-C-GMR,32506
"74HC85DB,118",32523
7204L12TPG,32524
SN74ACT72231L50RJ,32525
SI5338C-B03798-GM,32526
SN74HCT157D,32527
CS5461A-ISZR,32528
MAX9022AKA,32530
ASM002703,32551
VLM-650-30 LPT10 (90O),32553
ADN2814ACPZ,32554
SN74LS138N,32556
MCP3910A1T-E/ML,32557
CY7C457-20JC,32566
ADE7854AACPZ-RL,32570
ASM000519,32573
841S012DKILF,32574
QS74FCT2521BTSO,32576
9DB633AGILF,32579
UA2903TC,3297
SN74ACT7202LA25RJR,3298
AD71057ARS,3298mib
VLM-635-17 LPA,3298p12
MC74HC280D,3298p19
ADE7518ASTZF8,3298p21
TY30555R2,3298p56
SN74LS686NT,3298p57
SN74ACT7200L20NP,3298p71
ASM000518,3298p76
SN74ACT72221L15RJ,3298pb024
FSTU3384WM,3298px11
74F280SCX,3299
CY7C4292V-10ASC,32ac01
93S46DM,32bc01
MCP3906A-I/SS,32c
QS74FCT280ATZ,3300
960023CGLF,33051
MAX78615+PSU/A00T,33057
78M6618-MR/F/P1,33061
PI6CFGL601BZHIEX,3307
90E24PYGI,33085
AD9573ARUZ,33121
SN74ACT72241L15RJ,33125
"74HCT688PW,118",3314
D6505I,3317
SN74ACT72241L35RJ,33172
SN74HC688PWRE4,33183
9DBL0651BKILF,33211
78M6611-IVT/F,33243
TL712CPS,3324c01
MC74HC139ADTEL,33291
SN74CBTD3861DBQR,33299a
ADE7858AACPZ-RL,33303
CS5460A-BSZ,33322
NC7SZD384M5X,3358
SN74ACT7203L25NP,3359
CY7C408A-35VC,33ac01
QS7201-50V,33bc01
LTC2946HMS#PBF,3403
74FCT521ATSOG,3403c01
CRT7004-001,3404
VLM-520-59 LPO-D15-F20,3404ac01
VLM-635-31 LPA,34277
VLM-650-30 LPT30 (60O),3430c02
SN74ACT72211L35RJ,3433
QS74FCT521CTS0X,3437
931DM,3437pb044
VLM-520-57 LPO-D30-F40,3437pr0044
74F257ASC,3437pr0049
90E36ERGI,3437pr0052
MCP39F511-E/MQ,3443c02
SN74AS280DR,3455
CS5460AK-BSZ,3460
74ACT151SJ,3461
QS72215-35J,3462
VLM-635-02 LPA,3464
SN74S280N3,3470
SI52112-A1-GM2R,3471
MAX9119EXK,3475b
ADE7754ARZ,3479
SN74LS42N,3480
DM74ALS520WM,3481
LM25056PSQE/NOPB,3482
ZL30156GGG2,3483
MM74HCT138M,3488
LTC2946MPMS#TRPBF,3491
MAX931EPA,3492c01
ADE7816ACPZ,3497
CD74ACT138E,35025
ASM000013,3579
LM25056APSQX/NOPB,3581
DM74AS280M,3582
LM25056PSQX/NOPB,3596p01
SN74ALS233BDW,36
QS3257SX1,3612
MCP3910-E/ML,3613
UPC393C-A,3614a
QS74FCT280BTS1,3622
9FGV0231AKLF,3622px1
SN74ACT3638-15PCB,3623
COM8116-6TMCP,3624
VLM-520-56 LPO-D110-F40,3625
SN74LS153MR1,3626a
71M6521BE-IGT/F,3626apb04
MM74HC688WM,3626apr0001
MC74F280N,3626b
COM8116T-021P,3626bp02
9ZXL1231EKILF,3626bp03
MDB1900ZBQZ,3626bp04
SN74LS258BDR2,3626bp05
VLM-635-56 LPO-D110-F40,3626bp47
ASM000205,3626bp49
VLM-635-63 LPT-100,3626bp69
71M6521BE-IGTR/F,3626bp6f
ZL30237GGG2,3626bp7c
SN74CBT3257CD,3626bpa1
9DB803DFLF,3626bpa2
M66256FP#TF0T,3626bpa3
9DBU0641AKILF,3626bpau
9ZXL0652EKILF,3626bpb0019
COM8116T-013P,3626bpb0031
MAX71315ECQ+T,3626bpb0044
SN74ACT7201LA25RJR,3626bpb0046
71M6534-IGTR/F,3626bpb0056
9DML0441AKILF,3626bpb0083
SN74LS156N,3626bpb0112
MAX923MJA,3626bpb0117
CD74HCT138E,3626bpb0161
54F402FMQB,3626bpb0162
CD4028BM,3626bpb0164
ASM000015,3626bpn1
SI53156-A01AGM,3626bpr0001
BGS12SL6E6327,3626bpr0098
74ACT280MTR,3626bpr0126
78M6613-IMR/F/PP1,3626bpr0137
LAN91C113-NE,3626bpr0190
74F401PC,3626bpr0314
QS7201-12JR,3626bpr0388
SN74HC682N,3626bpr0389
QS7203-80JR,3626bpr0645
MC74HC238ADG,3626bpr0649
5V41067APGG,3626bpr0893
COM5016T-5P,3626bpr0895
VLM-635-27 LPT,3626bpr0966
9ZXL0851EKILF,3626bpx100
9DBL0252BKILF,3626bpx102
74FST3257MNTWG,3626bpx110
ADE7166ASTZF16,3626bpx112
VLM-520-01 LPT,3626bpx116
78M6610+LMU/D01T,3626bpx117
ADM1293-1AACPZ,3626bpx121
90E23PYGI,3626bpx125
CY7C420-25PC,3626bpx134
MM74HCT688WMX,3626bpx141
78M6610+LMU/BAPT,3626bpx15
74FCT521CTSOG8,3626bpx24
SN74AS286D,3626bpx32
MAX916ESE+,3626bpx33
93S46PC,3626bpx40
VLM-635-59 LPO-D30-F90,3626bpx5
C67401N,3626bpx68
CD74AC157M,3626bpx7
82V3010PVG,3626bpx71
CY7C420-65PI,3626bpx73
QS72211-50JR,3626bpx8
VLM-650-06 LPT,3626bpx90
74F402PC,3626cpr0325
"74HC139D,652",3626cpr0389
ADE7752AARZ,3626cpr0411
MCP3910T-E/ML,3626cpr0498
VLM-650-06 LPA,3626cpr0499
SN74ACT7201LA15RJR,3626cpr0525
72V225L10TFG,3626cpr0645
QS7203-12P,3626cpr0754
ATM90E32AS-AU-Y,3626cpr0889
71M6542GT-IGTR/F,3626cpr0891
AD71057ARSZ,3626cpr0892
SPL PL90_3,3626cpr0893
HEC4066BT-Q100118,3626cpr0895
QPGEW1S03H,3626cpr0896
CY7C421-15PC,3626cpr0898
9VRS4338DKLFT,3626cpr0914
71M6541FT-IGT/F,3626cpr0929
VLM-635-58 LPO-D30-F40,3626cpr0933
M51204TL#TF0J,3626cpr0937
"74HC688D,652",3626cpr0961
ASM000807,3626cpr0966
CP82C88S2064,3626cpr1069
CY7C4221-25JC,3626cpr1146
SN74AS280D,3626cpr1147
9DBU0231AKLF,3626cpr1150
"74HC85DB,118",3626cpr1296a
ADE7761BARS,3626cpr1365
67C4033-10NL,3626cpr1366
54F280/BDA,3626cpr1367
SN74ACT7201LA20R2,3626cpr1371
LTC2946HDE#TRPBF,3626cpr1441
DPGEW1S09H,3626cpr1578
SN74ACT7206L25RJ,3626cpr1579
ASM002604,3626cpr1614
SN74ACT7200L35RJ,3626cpr1662
QS72241-25JR,3626cpr1668
90E36ERGI,3626cpr1675
VLM-520-58 LPO-D30-F10,3626cpr1767
"74HCT85D,653",3626cpr1826
MC10H160M,3626cpr6175942
SY10E160JC,3626pr1859
SN74AS280DRE4,3629
VLM-635-04 SPA,3633
MAX990EKA,3634
ADE5569ASTZF62-RL,3639
QS7203-20P,3640
SN74ACT2235-30FN,3641
9LPRS525AGILF,3647
90E32AERGI8,3648a
"74HC688D,653",3648b
9348PC,3649
QS7201-35V,3650a
71M6543F-IGTR/F,3650c
QS7201-50P,3651
CD40101BK3,3652
AM7201-35PC,3659
SN74ACT7201LA50RJ,3660
CD74HC157M96,3660a
VLM-635-27-LPA,3660p02
PI6C557-03AQLE,3664
AM25LS2521/B2A,3664pb13
COM8116T-7P,3664pb14
CY7C4225-25JC,3664pb20
54182J/B,3665
ADM1294-2AACPZ,3666
MC14585BDR2G,3673
SN74HC251DT,3675
MAX900ACPP,3678a
VLM-520-37 LPA,3678bpr0003
ADE7880ACPZ-RL,3679
72V06L15JG,3680
VLM-635-63 LPO-200,3684
74180DC,3688
SN74HC688DBR,3700
SN74ACT7201LA50DVR,3701
9348FM,3702
SI52147-A01AGM,3703
ADE7518ASTZF16,3704
CD74ACT280M,3705
QS72215-25J,3705b
CY7C419-10JCT,3706
CD74FCT521CTM,3707
M66282FP#TB0T,3708
SN74AS286NSR,3709
CD74HCT688E,3709a
74LVC157APW/AU118,3710
SN74LVC157APW,3711a
SI53152-A01AGMR,3713
VLM-635-02G LPA,3730
VLM-650-21 LPA,3731
VLM-635-63 LPT-200,3736
CD74HC688M,3737
MC74F521N,3738
AM25LS2521/BSA,3739
71M6521FE-IMR/F,3740
SN74HC157D,3741
71M6543G-IGTR/F,3742
ASM000207,3743
SN74ACT7201LA25DVR,3747a
ADE7762ARWZ-RL,3747b
CD74HCT85MT,3749
78M6610+PSU/C01T,3754pr0001
CRT8002C-003P,3755
PI6C20400LEX,3778
ADG3247BRUZ,3788
9UMS9610CKLFT,3794a
MCP3919A1-E/MQ,3794b
"74HCT280N,652",3795
ASM000711,3811
CY74FCT480BTSOCT,3821
CYF0072V18L-133BGXI,3822
QS74FCT521CTS0,3823
ADE7756AN,3829c01
QS5920AQ,3830
HA3-4905-5,3831
PSB4595RV2.1G,3832
SN74LVC157DR,3833
TLV1391CDBV,3834
93S46L1M,3835
CY7C424-40PC,3836
SN74V225-7PAG,3837
DM74AS286N,3838
SN74ACT7204L20NP,3839b
MC74F158AD,3841
9DB206CFLF,3842a
CY7C421-20VC,3842b
CY2318BNZPVI-11T,3843
SN74LVC1G139DCTT,3844
MM74HC138MTCX,3846p4c
MAX71020AEUI+,3846p4e
ADE7169ASTZF16,3846p4h
CY7C4285-15ASC,3846p4t
SN74F257N,3846p4u
9348FMQB,3847
932SV901AKLF,3847a
M66282FP#DB0T,3848
RLD65MZT7-00A,3849
74ACT7201LA50RJR,3852b
74FCT521CTQG,3853
MAX9107EKA,3854
VLM-635-27 LPT-10,3855
SI5324C-C-GMR,3856
71M6103-ILR/F,3857
SI52111-B3-GM2R,3861b
VLM-850-03 LPT,3865
FPD87346BXAVS,3867
SN74HC139PW,3873
MAX9017BEKA,3878
LTC2946IDE#PBF,3888ac01
JM54AC521BRA,3894
ASM000602,3895
CP82C88S2485,3896
CD4532BE,3898
CRT8002-018HR,3899
"TC7WP3125FK,LF(CT",3900
SN74AHC2G157HDCTR,3901
CD4555BNSR,3933
SN74AS286DRG4,3934
ZL30105QDG1,3937
VLM-635-59 LPO-D15-F40,3938
40085BDM,3939
R8A66175FP#R0,393c48
71M6601-IL/F,3940b
67L401N,3941
93S48DM,3942a
LT1016CP,3942c
ADE7156ASTZF16,3943b
54LS85DMQB,394ac48
QS3244YSO,3956
CD74HC85M,3957a
MCP3909-I/SS,3957b
CY2304NZZXC-1,3958
9DBL0851BKILFT,3960
RLD82NZJ1-00A,3960p04
SI53159-A01AGM,3960p06
9DB403DGILFT,3960px3
QS7202-8030,3961
9UMS9001AKLF,3962a
MC74HC138ADTEL,3962b
CY7C421-20AC,3963
CD4063BE,3966
"74HC280D,652",3979c01
SN74ALS280N,3979c02
SN74S85N3,3980c03
SN74AHCT157N,4000
CD74HC151M96,4006
9DBL411BKILF,4019
ADE7754AR,4022
CY28347ZCT,4023
QS7204-35V,4025
M66256FP#281,4032a
ASM002605,4033
CD74AC280M96G4,40341
ASM000202,40342
SN74ALS521NSR,4035
SPL TL90AT03,4036
CDCU877AZQLT,40373pb05
74F521SJX,40374pb05
SY100S360JZ-TR,40375
VLM-635-17 LPB,40378
ADE7518ASTZF8-RL,40379
HA17903PS-E,40382c01pb05
ASM000502,40385px1
ASM000817,40393
HA17901AFP-E,40395
VLM-520-58 LPO-D30-F40,40490
9DBV0231AKLF,40554
ASM000605,40582
MM54HC688J/883,40620
ASM000204,40637
LMK00334RTVT,40638
90E32ASERGI,4066
VLM-650-41 LPT30(60O),40666
AD9553BCPZ,4066pb432
ASM000616,4070
SY10E193JZ,4079
ASM002706,4079b
MC74F157AD,4081a
IDT74FCT521BTQ,4081b
MC14051BDTEL,4083
SN74LV139AD,4084
ADE7566ASTZF16-RL,4085b
MAX71335LECQ+T,4085c
RLD65PZX3-00A,4092
71M6541DT-IGT/F,4093a
QS74FCT521TQ,4093b
QS72215-20J,4094b
SN74ACT7204L35RJ,4095
CY28409OC,4130
RLD78NZM5-00A,4131
CD74HCT85M,4132
7200L35SO8,4133
71M6531F-IMR/F,41334
9FGL0241CKILF,4143
VLM-650-22 LPA,4150
CY7C4241V-25AC,4150p02
MC74VHC4066D,4150pr0022
MC74ACT251DR2,4150px7
CY7C429-65JI,4151a
SN74AHCT157PWLE,41530
SN74ACT3638-30PCB,41531
74LVC1G157GV/S505125,41535
MC74F151D,41539
MAX71315ECQ+,4161
9FGV0241AKILF,4162
LTC2947IUHF-65#PBF,41659
9324PCQR,41661
67C402-15N,41663
"74CBTLV3253PW,118",41664
COM8116T-013AP,41666
VLM-650-04-SPA,41667
ADE7978ACPZ,41669
FAGD1657132BA,41677
SM72375MME,41678
MAX3872ETJ+,41679
CY7C470-40JI,4168
74F521PC,41680
UA393RC,41681
9DB633AGLFT,4169
MCP3905LT-E/SS,4170
ASM000108,4171
SN74HC151AN,4173447
TCA9544APWR,41747
AD71039ARS,4174723
78M6610+PSU/B48,41747pb004
CD74HC85PWE4,41747px1
MC14066BFL1,41748
MCP3913A1-E/SS,41748pb004
67C4033-15N,41748px1
QS7204-10V,4175
SN74CBTD1G125DCKR,41752
SN74LS280DRE4,4176
ASM000805,41764
"74CBTLV3257PW,118",41765
CY7C4255V-25ASC,41767
FSTU3384WMX,41768
ADE7169ASTZF16-RL,41769
SN74AS286DRE4,41770
ASM000104,4178
74ACT7807-25FN,4178a
CD74HC138E,4180c01
VLM-520-59 LPO-D60-F40,4180c02
90E32AERGI,4180c04
78M6610+PSU/C00,4180c05
M8505I,4185
9FGV0841AKLF,41854
VLM-635-59 LPO-D20-F10,41854pb14
MAX3874AEGJ,41855
SN74F521DW,4186
CW25-GDO-DK2-100.0M,41862
ASM000802,4187
MC74HCT138ADT,4196
SN74ALS521DW,41969
MAX3355EEUD,4198pb18
MCP39F501-E/MQ,4199
QS7202-50JR,42003
71M6531F-IM/F,4202
"74HCT280D,652",42021
MAX3675ECJ.G044,42022
SN700067N,42023
SI5338P-B-GM,42030
SN74ACT7201LA25NP,4204
SN74AS866AFN,42042
QS7202-20JR,42042und
90E46EMGI8,42060
67C4013-15NL,42061
LMV7255M7,4207
LT8500ETJ#PBF,4208
ASM000704,4209
SN74ACT7201LA50RJR,4211
MAX983CPA,4212b
SN74LS682DWRG4,4213
SN74CBT3244CPW,4214
ZL30119GGG2,4215a
MPC9865VM,4215ap10
MAX901BMJE,4215b
ASM000603,4217
SL-450-100-S-B-30-5V,4222a
CY7C4235-25AC,42234
SN74LS280DR,4229
74LVC1G157GV/S500125,4234
ASM000008,42409
SN74CBT3384ADW,42443
"74HC85DB,118-NEX",42444
CD74HC137E,42445
SN74ALS518DW,42446
SN74ALVC7804-40DL,42450pb01
ASM000511,42511
9DB106BGLF,4261
MAX9692EUB,42610
TPGAD1S03H,4262
SY10E160JC-TR,4263
CY2304NZZXI-1,4265a
CD74AC257M96,4266
MM74C85N,4267
71M6511H-IGT/F,4268656
9FGL0441CKILF,42687
W255H,4273b
74ACT11286NG4,4274
74HC684P-E,4276b
72T72115L5BB,4282
QS7204-20P,4284
CS5460A-BSZR,4285a
AY-5-8146T,4285b
71M6521FE-IGTR/F,4286
SN74ACT7204L35NP,4287
9348DM,4288
ASM000811,4289
CY7C4241-15JCT,429c02
SPL UL90AT03,43093
ML6431CH,4315
VLM-650-27-LPA,4327
COM8116T-003P,43337
SN74LVC1G139DCTR,4342
4703BDM,4345ap03
MDB1900ZBQY,4345b
MAX9075EUK,4346
74F521PC,4346p03
SN74ALS527N,4347
71M6542GT-IGT/F,4349
ZL30121GGG2V2,4350c01
PI6CEQ20200LE,4350c02
"74HCT280D,653",43559
ASM000509,4360
SN74CBT3253CDR,43702pr0001
QS7204-25V,43713
CY7C4201-15JC,43719
C67401AN,43720
ADE7868AACPZ-RL,43721
OPV310Y,43722
PI6C557-03BQE,43723
SN74HC148N,43853posa
QS3162209PA,43857
9LPRS477DKLF,43888
78M6613-IM/F/P48,43898
5V41066PGG,44126
9FGV0241AKILFT,44294
ADE7755AN,44300
9ZXL1530BKLF,44301a
VLM-635-58 LPO-D30-F90,44302a
SN74CBT3251DR,44374
MC1651L,4442
DS31400GN2,4445
SNJ54LS85J,4447
LTC2946CMS-1#TRPBF,4448
CY25200-ZXC002A,4449
MC74F521DWR2,44524
SN74LS85D,44567a
VLM-650-02 LPT,44570
SN74S280N,44572
CD74HC139E,4460a
CD74HC85PWTE4,4460b
ASM000812,44661
CS5464K-ISZ,44676
54ACT11280FK/R,44728
CY28341OC-3T,4474
"74HC238BQ,115",4476b
LMV331M5/MESN,4477
QS7202-12JR,44790
SN74HCT257N,44791
SNJ54HC180J,4480c01
9DBV0431AKILF,44822
ADF4169WCCPZ,4483
CD74HC280M96,44846
COM8116TCO,44847
SN74HC258N,44848
SN74HC688DW,44849
CD74ACT280M,4485
DM7160W/883,44850
9ZXL1930BKLFT,44851
CD74HC85PW,44852
MAX78615+ATL/A02,44855
CS5466-ISZ,4488
SI52112-B5-GT,4489
74LV4053BQ-Q100115,4489b
CD4063BD,4490
71M6531D-IM/F,4495a
SN74CBTD1G384DCKR,4495b
AD8153ACPZ-RL7,4497
SN74F138D,4498
MCP3905A-I/SS,4499
SN74CB3T1G125DBVR,4504
5V41068APGGI,4505
MC74HC157ADT,4510
SN74ACT7200L50DV,45141
SN74LS157MEL,4515
MCP3905T-I/SS,4519
9DB106BGILF,4522
952906AFLF,4523
SN54LS689J,4528
VLM-520-57 LPO-D20-F90,4529
VLM-650-04 LPA,4530
CD4063BD3,4531
FST3384WM,4533
74AC521SJ,4534
72V2113L7-5BC,4535
CD74HCT158E,4536
82P33831ABAG,453ac01
LTC2946IDE-1#PBF,453bc01
SN74V293-6PZA,453c
SI5319C-C-GM,453cc01
SN74CBTLV3384DBQR,4543
DS3102GN2,45449
DFB-1550C-PM-50,45451
72V05L15JG,45452
CY7C4245-15AC,45462
AD71057ARSRL,45463
CLM-635-01 LPO,45464
VLM-520-01 LPA,45474
SN74HC157PWR,45481
LM760J-14,45499
"74HCT85DB,112-NXP",4550
VLM-520-59 LPO-D20-F10,45590
ASM000814,45677
SI53119-A01AGM,45677pr0001
"74HC85D,652",45677pr0003
CY7C433-20JC,45705
CRT8002B-021P,45706pb01
54F280DC,458
843441AM-100LF,4588
CD74HCT157E,4589
PI6CDBL402BLIE,4590
DS90CP22M-8/NOPB,4591
9FGV0641AKILF,4594
ML6430CH,4595
SN74CBT3257CPW,4596
MC14052BFL1,4598
CDCUA877ZQLR,4599a
CS5461A-ISZ,4599b
MC14053BDT,4600
SI52112-B5-GM2R,4617b
COM5016BIP,46212
VLM-520-29 LPA,4623
QS3VH244PAG8,4624
SI53108-A01AGM,4625
COM8116T-013CD,4626
74HC682P-E,46277
9DB102BGILF,46281
CY74FCT480BTQCTG4,46286
CRT8002B-023BI,46296
74FCT521APC,4629c01
9DB801BGLF,46309
SI53019-A01AGMR,4657
VLM-520-52 LPA,4658
"74HC253DB,118",4672
CRT8002-003P,4688c01
VLM-520-57 LPO-D10-F10,4689c01
SN74CBT3126PWR,468c01
CRT8002A-034P,468c02
QS7244A-30JR,468c03
MC74VHC157D,4692c01
AD9523BCPZ,4697b
SN74LVC1G19DBVR,4698
MAX3676EHJ+,4701c01
VLM-635-63 LPO-100,4707c01
D82C288-12,4707c03
QS7224-30SO,4716
9DBV0841AKLF,4719
74LS85FP-E,47202bpr0007
ADM1294-1AARUZ-RL7,4727
CD74HCT7030E,4728
SN74HC151QDRQ1,4729
QS72225-35TF,4733
9DB803DGLF,4735
VLM-520-59 LPO-D110-F20,4738a
ADE7753ARS,47394pb148
COM5016ATT,4739a
MAX900AEPP,4740
SN74LS682DW,47408
74F253SCX,4742
ASM000718,47423
MC74LVX8051D,47455
CY7C4281V-10JC,47456
78M6613-IM/F/PSP,47457
CD4066BPW,47458
SPL PL90,4747
557G-05ALF,4748
QS723620-20PF,47509
ASM000820,47510pr0001
74LVC1G18GV/S400125,47510pr0005
MCP3912A1T-E/MQ,47510wpr0003
557M-01LF,47511pr0003
HA17903PSJ,47511pr0004
SN74HC257N,47517
ASM000703,47517pr0029
CD40105BEX,47551
SN74ACT7811-18FNR,4767
VLM-520-59 LPO-D30-F40,4771
ASM000504,4773
CY7C421-40JCT,4774c02
CS5480-INZR,4774cu
CD4514BM96,47753pr0007
SN74ACT72241L25RJ,47759
SI52111-B6-GM2,47847
MC74ACT157DG,47905
VLM-635-01G LPT,4793
CDCU2A877NMKT,4794a
VLM-520-57 LPO-D10-F40,47974
OPV314,48169
SI5315A-C-GM,48170
VLM-650-02G LPA,48171
CD4585BE,48183
ASM000005,48336
SN74AS885DW,48419
CY7C43682-15AC,4854
N82S62N,4855
9LP505-2HGLFT,4856a
SN74LS85DRE4,4857
9DBL0951BKILF,4858
SN74ALS280D,4859
SN74ACT7200L20DV,4862
SN74HCS151PWR,4863
SI5315B-C-GMR,4864a
COM8136T-5P,4864b
SN74ACT7200L25NP,4865a
74HCT138BQ-Q100115,4865b
SN74ACT7806-40DL,4865pb01
ADM1293-1AARUZ,4870
DM8136N,4871
MAX920ESA-T,4873
CS5464-ISZ,4886
71M6513H-IGTR/F,4890
SN74CBTD3384PWR,4891
DSC557-0333FI1,4892
SN74V273PZAEP,4893
SN74ACT7200L50RL,4911
"74AUP1G157GM,115",4912
74HCT157D/S400118,49668
5V41235PGG,498
VLM-635-57 LPO-D45-F10,5
CD40105BE,5004103
PI6CFGL402BLIEX,502
ASM000808,50231
ADE7756ARSZRL,50303
VLM-635-59 LPO-D20-F40,50304
9ZX21901CKLFT,50305
ADE7763ARSZRL,50745
STPM11ATR,50859b
SN74AS866FN,50860
SN74F280BNSR,50861
COM8116T-013ACD,50862
74F413PC,50943
ASM000815,50950
SI52146-A01AGMR,51011
NL7SZ19DBVT1G,5102
LTC2947IUFE#PBF,51262
SN74LVC138AMPWTEP,51269
SN74ACT7200L50RJR,51385
"TFF1007HN/N1,115",51557
CY7C419-15AC,51558
CD74ACT280M96,51560
71M6542FT-IGTR/F,51595p02
MCP39F511A-E/MQ,51703
C67402AN,51704
CY7C421-25JI,51708
CD4016BNS,51725
SY100S360FC,51739
"74AUP1G157GM,132",51858
ZL30312GKG2,52031
SL-660-100-S-B-60,52107
QS7202-25V,52261
SN74AHC138D,52381
CD40105BK3,52501
CD4585BPWG4,529
ADE7868AACPZ,5306bc026
QS72215-25TF,5306bc162
CD74HCT688E,5306c01
MM74HC151MTCX,53157
VLM-650-01 SPT,53451
ASM000203,53788
LTC2946CMS#TRPBF,54043
DSC557-0344FL1T,54200
MAX900BCPP,54246
RO-3-2513,54530
MAX9141EKA,54651
SI52111-A1-GM2,55236
CD74HC147M96,55298
MCP3906AT-E/SS,55981
ASM002707,564c01
"74HCT688PW,112",56630
71M6601-ILR/F,56823
CD74HC40105M,56823c75
9403ASDMQB,57052
CRT8002AHR,57467
PI3CH800ZHEX,57503
MC74HC238ADR2G,57504
"74HC280N,652",57505
RLD84PZJ2-00A,57506
CY7C4251-15JC,57894
VLM-650-03 LPA,57895
DM74S280N,57906
CY7C4221-25JCT,58057pr03
71M6542F-IGTR/F,58086
VLM-520-59 LPO-D15-F40,58090
CS5464K-ISZR,58176
ADE7753ARSRL,58247
ADE7752BARWZ-RL,58498
MCP3919A1T-E/SS,586c01
QS723611-30TF,586c01a
9FGL839AKILF,59
ASM002502,59230
SN74F519N,59233pat0001
SN74ALS2233AFNR,59275
W255HT,59363
PI6C20800SAEX,59559
NCS2201SN1T1G,59895
90E23PYGI,59900
MC10H160MELG,60032
71M6521DE-IMR/F,6005
71M6201-IL/F,6014
71M6534H-IGTR/F,6014a
CD74HC85EE4,6014b
74FCT521ATQG,6015
ASM000813,6016
CY2SSTV857ZC-32,60169
ADE7759ARSZRL,6019
71M6543HT-IGT/F,6020
AM7200-50JC,60219
SN74ALS29806NT,6027
MAX3875EHJ,6041
SI52202-A01BGM,60470a
VLM-520-59 LPO-D10-F90,60470b
SN74ALS527DW,60471
SN74CBT3245CDW,60474
74F521SCX,60475b
9DBL411BGILF,60476
QS7201-50JR,60477
SN74LS85NSR,60478
ASM000209,60481
MC14512BFL1,604ac01
SN74F521NSR,604c
78M6610+PSU/C48T,604c01
SN74F138DR,60581
7202LA15SOGI,60581pr0002
RLD84NZJ2-00A,60593
ASDX-00,60594
74ACT2708PC,60596
SN74ALS520N,60598
SN74LS684DW,60599
VLM-520-57 LPO-D5-F90,606
OPV314AT,60602
SNJ54F518J,60603
MC74F257AD,60603pr0001
CY7C433-40JC,60603pr0003
CD4512BPW,60607
VLM-635-56 LPO-D110-F20,60608
ADE9153AACPZ-RL,60614
72T18125L4-4BBG,60616a
CD74HC688EX,60621
AY-5-8126T-006,60623
MAX921ESA-TG068,6064
ASM000617,6066
MM74HC151M,6069
SN74LS153MEL,606p33
SA14053BDR2,607
74LVC1G3157GS/S500125,60770
CD74HC85MTE4,6079
MAX9016AEKA,60797c02
SN74AHCT138D,607p01
ATM90E25-YU-R,60800a
VLM-635-11 LPA,6081
SN74ACT7810-15FN,6087
SN74CB3T3384PWR,60897
ASM000816,608p01
SN74CBT3257DR,608p33
74HCT151D/S400118,609
SI5319C-C-GMR,6090
71M6515H-IGT/F,6091
MCP3914A1T-E/MV,6093
74LVC2G66GT/S711115,6099p01
LMX393AKA+,61072
MC74F158ADR2,6111
ICL8212CBA-TS2404,6112
VLM-520-59 LPO-D60-F20,6117
CY7C451-30LMB,6118
82P33914-1NLG,61184
TLC139MJ,61189pr0011
557G-06LF,6122
MC74VLX138D,6123
TLV2393IPWLE,6124
SY87739LHY,61252
SN74ACT7200L50RJ,61257
72V04L25JGI,6126a
90E32ASERGI8,6126b
SN74CBTD3861DGVR,6127
CD4585BEG4,6128
ADE7761BARSZ,6131
ADSST-73360AR,61310
SN74S225N3,6132
SN74HC257D,6133
ASM000016,6134
9DB102BGLF,6140
SN74HC688N,61406pat0006
ADE7858ACPZ,61409
MC74ACT158DR2,6141
QS723620-25PF,61482
TPGAD1S09H,61506
71M6515H-IGTW/F,6152
CS5466-IS,6153a
"I74F280BD,602",6157
74FST3257QS,6160c01
HA17901P-E,6160c04
AM7201-35JCTR,61649
SN74AUC1G19DCKR,61678
UPC177C(30)-A,6177pr0004
HA17339ARP-E-WS,6178
QS7202-80JR,61780
5962-8672601EA,6179
VLM-635-58 LPO-D20-F90,6179pr0012
LTC2946HMS#TRPBF,6179pr0013
SN74ACT7205L15RJ,6179pr0014
9DB433AGILFT,6180
AD7756ARS,6182
ASM000501,6183
VLM-635-58 LPO-D20-F40,6187
HVL142-3PRF-E,61896
ASM002612,6190
ASM000610,6191
CD74HC688E,6192
OPV314Y,62113
FAGD1652248BA,6215
CS5480-INZ,6216a
ASM002608,6216b
CY7C4245-10AC,6231
72265LA10PFG,6232
71M6203-ILR/F,6233
SN74ACT7204L15RJR,62360
MC10H160P,6238
SN74HC157PWT,6248
LT1011ACJG,6249
AM7201-50JC,6251
FSTU3384MTCX,6251pr0003
MAX9685CTW-4,6254
CD74HCT40105M,6256
VLM-635-59 LPO-D110-F40,6260
SN74LS684NSR,6265
AD7755ARS,6266
NC7SZD384P5X,62664
71M6541DT-IGTR/F,62670
SN74LS684DWR,62696
74HC85FP-E,62808
"74HCT85D,652",62810
VLM-520-59 LPO-D10-F20,62941pr0008
PLPT5 447KA,63017
9EX21501AKLF,63082
CD54HCT85F3A,63710pr0012
ADE7761AARSZ-RL,63710pr0013
HVL142AM3KRF-E,6377
VLM-650-41 LPT(60O),6378
TL393IP,63864
ADM1294-1AACPZ-RL7,63868
QS725420A-20TF,63871
MM54HC688E/883,6391
MC74F251N,6393
71M6541D-IGT/F,6394
7703702EA,63965
SN74V293-10PZA,6414
VLM-635-59 LPO-D30-F40,64146
SN74ACT72241L20RJR,64150
MC74HC238ADTR2G,64152
NLV14053BFELG,64225
SN74HCT157N,6427
QS7202-5OP,64402
CD4028BPW,64448
ADE7569ASTZF16,64450
SL-660-S-A-RPP018ES,6446
SN74CB3T3125RGYR,64567
QS7201-35P,645ac01
"74HC85DB,112",645bc01
78M6612-GT/F/P2,645c
ASBX-00,646
LTC2946HDE#PBF,6461
ASM000709,64644
QS7201-50Q,64647
M74HC280YRM13TR,64648
VLM-650-01 LPT,646ac01
VLM-635-03 LPT,646c
VLM-520-57 LPO-D15-F20,6472
9ZX21501BKLFT,6473
DM74AS280MX,6474
LTC2946CDE#PBF,6479
ASM000003,64798
CD4063BMTG4,64799
CY2304NZZXI-1T,64867
TLC3702CPWLE,6490
ICL8211CBA-TS2463,6497
960019BFLF,649p02
67C401-10NL,6510
CS5467K-ISZ,65182stk01
VLM-520-59 LPO-D20-F40,6536
QS72211-35JR,6538b
QS7202-15SO,6541
QS72225-25J,6553
TL514CN,6558
9DBL0841BKILF,6564
"TC74VHC238FK(EL,K)",6565
SN74ACT7206L25NP,6573
CD74HC40105E,6575
CD54HC688F,6576
VLM-520-57 LPO-D20-F10,6583
TLC393MD,6584
90E36AERGI8,6587
MAX9077EKA/GH9-T,6589
9VRS4420DKLFT,6628
SN350263DR,6629
9DB403DFLFT,6632
VLM-520-58 LPO-D20-F20,6636
AD80052BR,6636px2
C57401AW883B,675pr01
159353940A6300,685px1c01
SN74LS280D,685px2
9ZX21901BKLFT,685px4
72V36110L7-5PFGI,691
QS3244YQ,692
LM193FK,699
874002AGLF,69c01
9ZXL1950BKLF,70049
SN74LS682DWR,700ed
VLM-520-57 LPO-D15-F40,700ed2
ASM000714,700ex
ATM90E36A-AU-R,702
9FGP204BKLF,70358
MC10H160MG,7039
CY7C433-65AC,7039b
74FCT521CTSOG,7049b
SN74CBTLV16211GR,71015
SN74LS682DW,71075
71M6545-IGT/F,711
"74HC85N,652",71182
DM74180N,712a
LM25056APSQ/NOPB,712apb01
FAGD16575A32BA,713a
SN74ALS235N,71427c01
SN74ACT7202LA35RJ,715
VLM-650-01 LPA,71509
DM93S62N,715a
71M6543H-IGTR/F,716
ADE7751ARS,72211
HA17903ARPEL-E,72217
MAX900BEPP,72226
DM54180J/883,723
ASM000606,72326
71M6521DE-IGTR/F,72824
CD74HC688PWR,72824p01
VLM-635-58 LPO-D15-F40,7284
MT90502AG,73037
MC74LCX157D,73071
SN74LVC139AD,73090a
VLM-650-27 LPT,73092
RLD82PZJ1-00A,73112
MCP3910A1-E/ML,73129
54F381ADM/B,73194c01
CRT7004C-002,73241
SN74F151BD,73312
78M6610+PSU/B48T,73355
SCW 1737-225R,733ex
78M6610+PSU/C00T,735
NC7WB3306K8X,73590c02a
74FCT521ZCTQ,73590c02b
74LS257PC,73590c03b
CY2280PVC-1,736c02
78M6613-IMR/F/P48,737
9DB1200CGLFT,737ac01
VLM-635-59 LPO-D15-F90,737ac02
MC14066RFL2,737c01
CD74HC280E,73983
ASM000007,739p01
ASM002705,74623
MC74F153DR2,74698
ADE7858AACPZ,747
ADE7756ARS,74730
PI6C20400BLEX,747p01c01
9FG104EGILFT,747p03c01
CY7C4265-10AIKJ,747pb02c01
CY7C421-40JC,747pb03c01
1621B1UZZGR,747pb05c01
ADM1293-1BACPZ-RL7,747pb06c01
SN74LV139APW,74965
CS5467-ISZR,74967
MC1046P,74968pr0001
COM8116T-029TMC,75113pr0001
NC7SV158P6X,75113pr0002
9FGP304BKILF,75113pr0004c02
ASM000009,75115a
SN74LVC2G157DCTR,75115bpr0014
ASM000507,75115bpr0015
MCP3912A1T-E/SS,75115pr0002
98ULPA877AKILF,75115pr0006
CD74HC157E,75115pr0017
9DB401CGLFT,75115pr0021
VLM-635-02 LPT,75115pr0022
ADE7755ARSZRL,75115pr0023
78M6610+PSU/C48,75115pr0024
74ACT139SCX,75115pr0031
ASNT8160C-KMF,75121
CD4555BE,75121pr0025
SN74ALS521DWRE4,75215
9DBL411AKLF,75535
VLM-520-58 LPO-D110-F90,75689
ASM000219,75723
78M6613-IMR/F/PSU,75737
AD71057ARSZ-RL,759528c01
QS74FCT521DTS0,759528c02
VLM-635-63 LPT-50,759532
"74HC40105D,652",759533
STODPM01QTR,75c03
CY7C429-15AC,75c05
MAX933ESA,75c10
SN74CB3Q3244DBQR,75c30
9ZXL0851EKKLF,76041c01
SN74HC684N,76041c02
SN74HC138DBR,76338
SI53102-A2-GMR,76371
MC74ACT151D,76371pr0017
SI52112-B4-GM2,76371pr0020
SN74HC139PWR,76371pr0029
COM5016-6CD,76371pr0030
SN74HC684NG4,76371pr0032
VLM-520-59 LPO-D15-F90,76371pr0038
5V41068APGGI8,765c01
54180FM,765c15
VLM-635-58 LPO-D20-F20,765c28
74ACT7201LA50DVR,765c96
TLC3704MJ,766c01
ADE7754ARRL,766c96
CY7C419-15PC,76768
QS723621-25TF,769
FPD87346BXAVS/NOPB,777p03
74F402PC,777p06
COM5026-5P,777p07
74FCT521ATQG,777p11
MM74HCT138MTC,777p12
5V41236PGGI,777px8
SN74F153D,784
SN74S280NSR,787c02
MAX3675EHJ,78c02
74HC157D,792c03
MC14053BFR1,7930
PI6LC4833ZBIE,8
VLM-520-58 LPO-D10-F20,80039
VLM-520-58 LPO-D10-F40,80045
SN74HC688PWTG4,812
ASM000119,813
CY7C4231V-25AC,815c01
9ZXL0651EKILF,815c02
9FG104EFLFT,820
ASM000818,821
ASM002509,822ac01
SI5338Q-B-GM,828
CY7C4282V-15ASC,84943
MAX915ESA,85080
MAX981CUA-TG069,85355
VLM-650-30 LPT10 (60O),85546
CD74HCT688ME4,85610
MCP3909-E/SS,85964
VLM-635-59 LPO-D60-F90,85974
CD74HC85EX,85984
ASM000011,85984pr0143
AD7755AARSRL,86035
MC10166P,86208
ADE7880ACPZ,87079
CY7C43684-10AC,87079pr0006
MCP3905A-E/SS,87079pr0062
SN74HC258D,87079pr0063
SN74ACT72221L25RJ,87079pr0065
CY7C4261-10JI,87079pr0066
DM74ALS521WM,87079pr0072
MM74HC138MX,87079pr0076
CD74HC688M,87079pr0077
74LS85PC,87079pr0089
QS7202-80SO,87079pr0090
MAXQ314+,87079pr0091
AD71056AR,87079pr0093
74LS280FP-E,87079pr0115
DM74AS286M,87079pr0116
SY87700ALHG-TR,87081
ADM1293-1BARUZ,87084
159353850A6300,87087
COM8116T-7CD,87313
74AC280SJ,87414
EL5001ILZ-T7,87544
LA6339LL-E,87544pr0002
CD74HC688NSR,87552
ADE7569ASTZF16-RL,87580
9ZX21901DKLF,87585
"74HC137D,653",87587pr0001
VLM-635-37 LPT,87609
CD74HC85NSR,87692
MAX912ESE/GH9,87694
CD54HCT688F,87695
MC100EL57DG,87696
CY74FCT480BTSOC,87697
VSC7227YKV,87703
CY7C4261V-10JXC,87747
VLM-520-58 LPO-D60-F20,87752
VSC8115XYA-06-T,87754
SL-660-100-S-B-30,87926
VLM-850-81 LPT30,87969
SN74HC684DW,87990
RLD78MZA6-00A,87991
SN74CB3T3245DWR,87994
UA393ATC,88289
SN74ACT72231L15RJ,88293
MAXQ3180-RAN+T,88691
CD74AC280M,88692
LM25056PSQE/NOPB,88693
1058,88694
CS5464-ISZR,88764pb01
9FGV0231AKILF,88765pb03
SN74LS688NSR,88784
SN74LS158D,88930
9ZXL0651AKLF,88930pr0003
72V2111L15PFGI,88930pr0004
OPV332,88930pr0005
ASM000214,88930pr0007
90E46EMGI,890p01
9DBU0631AKILF,89158
STPM33TR,89159
SA14066BDR2,89193
5V41064NLG,89398
78M6612-M/F/P2,89406
VLM-520-57 LPO-D5-F40,89465
SN74ALS280DE4,89467
TNETA1560PGC,89523
557MI-01LF,89536
CD74AC139E,89801
SI5328B-C-GM,89812
CD74HCT153E,89862
SN74AS286NG4,89873
74HC688DB118,89873pr0004
74F280SJX,89879
SY87700ALHG,90265
VLM-635-59 LPO-D110-F20,90397pr0001b
CVN 63-90ECL,90509
MAX920EUK,90981
CY7C425-30PC,91405
VLM-635-17 LPT,91501
74ACT11286DR,92002
VLM-635-58 LPO-D15-F10,92005
VLM-635-11 LPT,92009
SY100E160JZ TR,92011
VLM-520-53 LPT,92013
QS74FCT521CTSOX,92094
SI52112-A2-GM2R,92220
AD9554BCPZ,92255
MAX9019EKA,92256
CY7C4231-15JC,92257
SI5338L-B-GM,92258
SN74S85N,92280
U2102B-MY,92338
ADE7768ARZ,92402
9DB803DGILFT,92410
74HC688P-E,9244
ASM000719,92453
VLM-650-12 LPT,92456pr0029c01
9DBL0641BKILF,92456pr0040c01
ASM000804,92456pr0052c01a
74FCT521CTPYG,92456pr0060c01
ADE5566ASTZF62,92456pr0062c01
STPM13ATR,92456pr0065c01
ASM002603,92456pr0066c01
SN74ALS2233AFN,92456pr0069c01
MC14051BFL2,92456pr0085c01
ZL30732LDG1,92456pr0094c01
"74HCT4514PW,112",92456pr0101c01
71M6543GT-IGTR/F,92456pr0104c01
VLM-520-57 LPO-D15-F90,92456pr0213c01
74FST3253D,92474
PI6C557-03BLE,92582
SN74LS138D,92585
74F182LC,92586pr0001
QS72225-35J,92590
74AC280SCX,92593
R8A66170DD#T1,92738
SN74HC682DW,92818pr0002c01
MAX978EEE,92818pr0005c01
"CBTD3306GM,125",92818pr0006c01
CD22014E,92851
MAX78638+MD3/A00T,92926
SN74CBT3345PW,92937
ASM000803,92938
ASM002505,92946
9DBL0255NLGI,92947
LMX393HAKA+,92950
"74HCT688DB,118",93055
QS7201-20V,93058
CY74FCT480ATQCTE4,93085pr02
CY74FCT480ATQCTG4,93086
VLM-650-07 LPA,93088pr0001a
VLM-780-03 LPT,93088pr0001b
VLM-635-59 LPO-D20-F20,93092
SI5338Q-B02153-GM,93094
SN74ACT7204L25RJR,93095
QS725420A-25TF,93150
ADE7156ASTZF8,93160
QS7203-20JR,93242
ATM90E32AS-AU-R,93252
SI53112-A00AGM,93273
MAX78615+LMU/A01T,93274
SNJ54LS280FK,93281
74F280SJ,93346
MCP3909T-E/SS,93352
CY7C421-30VC,93353
MDB1900ZBQYY01,93535
CY74FCT480ATPCG4,93555
DS26502L,93594
MCP3906-I/SS,93607
67C401-15NL,93608
AD9550BCPZ,94161
QSB34GR_SN00349,94412
CY7C43664-7AC,94883
CY7C460-40JI,95228
MC74F521ML1,95229
"74HCT280DB,118",95345
SI52143-A01AGM,95440
ADM1294-1AARUZ,95463
CY74FCT480BTPC,95485
CS5463K-ISZ,96874
SN74F521NS,970c00
DSB015-TB-E,970c00pb014
SN74HC688PWT,970c00pb015
CD74AC280E,970c00pb030
SN74LVC139AQPWRQ1,970c00pb033
CY7C433-15JC,970c00pr0309
QS72211-20JR,970c00pr0345
71M6541F-IGTR/F,970c00pr0368
9FG108EGILF,970c00pr0406
MCP3909T-I/SS,970c00pr0581
HA17903PSD-E,970c00pr0852
FAGD16573A32BA,970c00pr1011
VLM-635-57 LPO-D110-F90,970c07pb02
NC7SP158P6X,970c09pb01
CY7C4421-25AC,970c09pb03
SY89844UMG,970c11pb01
90E24PYGI,970c36pb01
CS5461AK-ISZR,970d01
VLM-650-07 LPT,970d04
CY7C419-20JC,970d09
SN74ACT7202LA15RJ,970x001
"74HC85PW,112",970x021
CSPUA877ABVG,970x023
SN74LS85N,970x024
MC1650L,970x026
MC74AC138M,970x027
AM7200-25JC,973bc01
71M6541FT-IGTR/F,973c01
VLM-635-59 LPO-D15-F20,973c02
SI53154-A01AGM,973c03
932S208DGLF,973c07
LP239D,973c11
MC74LCX257D,973c18
71M6113-IL/F,973c20
ASM000106,973c26
78M6610+LMU/D01,973p01c02
SI5315B-C-GM,973p0ac02
841S04CGILF,973p0ac04
VLM-520-59 LPO-D110-F40,973p0bc01
ASM002702,973p13c01
MC74HCT157AN,973p14c01
STPM32TR,973p16c01
MC74AC257D,973p18c01
VLM-520-58 LPO-D15-F10,973p21c01
LA6393M-TE-L-E,973p22c01
1621B2UZZGR,973p24c01
9348DC,973p26c01
90E32ERGI,973p27c01
ADE7752BARWZ,973p34c01
QS7201-15JRX,973p36c01
4RCD0229KB1ATG,973p41c01
7201LA15JGI,973p41c03
ASM000708,973p47c01
SN74180N,973p51c01
ASM000109,973p60c01
74HC139D/C4118,973p68c01
"74HCT280D,652",973p70c01
CD4556BE,973p72c01
9DBV0241AKILF,973p8ac01
CD4063BF,973p8bc01
SN54F280BJ,973p90c02
"74HCT280DB,112",973p90c04
SN74CBT16211ADGVR,973p90c05
M66258FP#DF0T,973pa1c01
SN74AHC2G157HDCT3,973pa2c01
OPV330,973pa6c01
RLD63PZCA-00A,973pb0013c01
MCP3919A1T-E/MQ,973pb0022c01
90E36ERGI8,973pb0023c01
SN74ACT7200L25DV,973pb0028c01
LMK00334RTVR,973pb0035c01
MC74VHC257DR2G,973pb0044c01
SN74ACT7202LA25RJ,973pb0061c01
SN74AS885NT3,973pb0069c01
SN74ALS520NSR,973pb0070c01
ADE7768ARZ-RL,973pb0071c02
CD4585BNSR,973pb0075c02
ASM000515,973pb0079c01
90E21PYGI8,973pb0085c01
SN700526DR,973pb0090c01
CD74HCT138M96,973pb0091c01
QS72225-20J,973pb0099c01
CD74HC85M96,973pb0101c01
9DBU0231AKILF,973pb0173c01
SN74ACT7204L50RJ,973pb0190c01
SN74ACT7201LA15RJ,973pb0197c01
RLD78NZM7-00A,973pb0201c01
MAX981CSA,973pb0221c01
CD74HC688M96E4,973pb0240c02
74AUP1G18GF/S500132,973pb0242c01
SN74ACT7200L35DV,973pb0252c01
74F253PC,973pb0299c01
SC27962PK85,973pb0391c01
SN74ACT7201LA20RJ,973pn1c01
QS7203-25V,973pr0020c01
71M6201-ILR/F,973pr0990c01
MC14585BCL,973pr1156c01
VLM-520-27 LPA,973pr1160c01
UC161AJ,973pr1163c01
90E36AERGI,973pr1182c01
SN74CBT3253DR,973pr1184c01
NTE74181,973pr1186c01
VLM-635-58 LPO-D30-F10,973pr1187c01
78M6610+LMU/B01,973pr1190c01
RLD63NPC5-00A,973pr1245c01
90E32ERGI,973pr1470c01
DSC557-0344FI0,973pr1697c01
PI6LC48P25104LIE,973pr1944c01
AM7205A-25RC,973pr1949bc01
SN74ACT7205L15NP,973pr1957c01
SN74CBTLV3257PWG4,973pr2001c01
VLM-520-59 LPO-D20-F20,973pr2008c01
ADE7854ACPZ-RL,973pr2042c01
72V265LA10PFG,973pr2046c01
74ACT258SCX,973pr2047c01
MM74HC151MX,973pr2149c01
SNJ54F519J,973pr2150c01
CLM-635-12 LPT,973pr2167c01
SN74ACT7200L50NP,973pr2189c01
STODPM01TPQR,973pr2190c01
SY10E160JZ TR,973pr2264c01
SN74ALS280DR,973pr2274c01
67413J,973pr2276c01
SN74CBT3245CPW,973pr2474c01
QS7202-15JR,973pr2475c01
78M6613-IM/F/PP1,973pr2476c01
54F280FMQB,973pr2502c01
D7805I,973pr2682c01
SY89473UMG,973pr2886c01
SN74AHCT157PW,973pr2923c01
VLM-635-58 LPO-D10-F20,973pr2924c01
71M6533H-IGTR/F,973pr2925c01
71M6521DE-IGT/F,973pr3011c01
CY7C457-30JC,973pr3017c01
COM5016T-016P,973pr3045c01
QS723661-50TF,973pr3046c01
VLM-520-59 LPO-D60-F10,973pr3256
74HCT688FPEL-E,973pr3259c01
COM8136T-041P,973pr3404c01
CD4016BM,973pr3434c01
MCP3906AT-I/SS,973pr3627
SN74HC682DWR,973pr3683
9VRS4338DKLF,973pr6174029
842S104EGLF,973px115c01
D405-120,973px118c01
SN74ACT3631-20DCB,973px120c01
CS5467-ISZ,973px124c01
RLD63NPC7-00A,973px137c01
SN74F151BDBR,973px138c01
SI52112-B5-GM2,973px143c01
MK2705SLF,973px14c01
SN74ACT7202LA25DV-M,973px154c01
CLM-635-02 LPT,973px155c01
SN74HCT139DR,973px167c01
MAX932CSA-TG069,973px168c01
COM8116-6CD,973px171c01
74F401PC,973px172c01
SN74ACT7201LA35DV,973px176c01
SN74HC148D,973px177c01
CS5484-INZR,973px18c01
SN74CB3Q3253PW,973px190c01
SN74ACT72241L20RJ,973px25c01
SY58017UMG,973px2c01
SN74LV139APWR,973px36c01
VLM-635-59 LPO-D10-F10,973px3c01
VLM-520-51 LPT,973px45c01
9324PC,973px46c01
AM7202A-15JC,973px47c01
78M6613-IMR/F/PSP,973px57c01
54ACT521/Q2A,973px62c02
CY7C4821-25AC,973px64c01
MC74F253D,973px65c01
DM9348W/883,973px66c01
VLM-520-53 SPA,973px67c01
SN74ACT7206L35NP,973px75c01
SN74LS280M,973px9c01
CY7C432-65PC,98100
SI52111-B3-GM2,98103pr0001
AD7756AN,98133
SN74ACT72231L20RJ,98133pr0001
SL-405-35-S-B-30-5V,98133pr0002
MAX9107EKA-T,98133pr0005
SN74ACT7201LA25RJ,98134
SN72475N,98137
VLM-635-56 LPO-D15-F20,98138
ADE7763ARSZ,98138pr0008
ADE7769ARZ-RL,98138pr0026
DM74LS139SJX,98138pr0027
74ACT521MTC,98138pr0075
MAX9030AXT,98139
SN74LS85ML1,98141
SN65LVCP408PAPT,98153pr0002
9ZX21901BKLF,98215
71M6543GHT-IGTR/F,98218
74F280SC,98220
SN74ACT7201LA50DV,98222
SI5324B-C-GM,98223
"74AUP2G157GM,125",98223pr0001
SN74CB3Q6800PWR,98223pr0002
LMK00334RTVTQ1,98223pr0003
MAX78638+MD3/A00,98223pr0006
9FGV0241AKLF,98224
VLM-780-03 LPA,98225
VLM-780-01 LPT,98233
"74HC688N,652",98236
SN74CBT1G125DCKR,98238
MAX9077EKA,98239
SN74ACT7200L15NP,98252
74AC11138D,98262
VLM-520-57 LPO-D30-F10,98280
9FGL1214AKLF,98283
CD40105BF,98285
MAX9021AXK,98286
"TC7WH157FU,LJ(CT",98288
SN102518P,98302
SN74LS151M,98368
TNETA1561PGC,98382pr0001
COM8136T-P,98387pr0002
ASM000120,98389pr0002
CAHCT138QPWRG4Q1,98393a
VLM-520-55 LPO,98393c
VLM-520-58 LPO-D10-F90,98393e
SC65895PK280,98393f
90E36AERGI,98393g
VLM-635-58 LPO-D10-F40,98393h
ADE7759ARS,98393i
CD40105BD,98393j
MCP3907-I/SS,98458
ADE7878ACPZ-RL,98459
DS90CP22MT/NOPB,98460
ASM000102,98465
SN74CBT3244CDW,98549
BAR6406WE6327,98560
74HC677NT,98721
ASM000113,98726
SN74ACT7206L50NP,99207
72V2105L10PFG,99427
MAX9101EUK,99508
9VRS4339BKLFT,99627
74AC280SC,996ac01
SN74ALS528N,996bc01
CY7C4231-25JCT,99771
SI5338B-B-GMR,99780
72V04L15JG,99781
ADE7763ARS,997c01
ASM000512,99873
ASM000801,archmia
MC74HC85FL1,bb07pb01
9DB233AGILFT,bb108pb01
SI52111-B5-GM2,bb134pb01c01
ASM000118,bb139pb02c01
SN74ACT7204L20RJ,bb140pb01c01
74HC280FPEL-E,bb140pb04c01
ASM000702,bb140pb06c01
90E32AERGI,bb141c01
DM74S280N,bb236bc01
74HC280FP-E,bb393c85
QS7201-2OP,bb93
AD9577BCPZ,bfp001
78M6612-IGTR/F,bfp002
AD7755AAN,biocom13uk
CD74HC280E,bslot01
ZL30164GDG2,bslot02a
SY100E193JC,carbasemi
DSH015-TL-E,cdoor01
MC74VHC4316DR2,clikits004
QS725420A-30TF,clikits005
QS7201-15V,clikits006pb02
CRT8002A-003P,clikits011
MC74HC280FL1,clikits012
QS72241-50JR,clikits015
90E21PYGI,clikits022
MXL1116CS8,clikits024
CRT8002B-0031BICD,clikits025
CY7C43686-15AC,clikits026
MC74HC157ADG,clikits032
557GI-03LF,clikits034
74HC138PW/S410118,clikits035
OPV380,clikits036
SN74LS153N,clikits040
90E32ASERGI8,clikits046
9ZXL1950DKILF,clikits053
74HC238D,clikits061
932S421BGLFT,clikits062
MC74F148D,clikits064
SN74ALS518N,clikits082
SN74ALS518DWE4,clikits084
CY7C429-15JI,clikits092
ADE7756ARSZ,clikits102
TLC339CDB,clikits110
SN74ALS680N,clikits129
CY7C43663-15AC,clikits163
VLM-520-03 LPT,clikits202
"74HC85PW,118",clikits206
VLM-635-59 LPO-D15-F10,clikits207
ASM000508,clikits208
SN74ACT7204L25RJ,clikits209
ADE7763ARSRL,clikits210
NCX2220GF115,clikits212
LM293JG4,clikits214
SPL S1L90A_3 A01,clikits215
ADM1293-1BACPZ,clikits221
ADN4600ACPZ,clikits222
ASM000505,clikits223
SN74LS685DW,cloth02
VLM-520-74 LPT,compass
ADE7566ASTZF8,cwindow01
CY74FCT480ATPC,cwindow02
MAX991EUA-TG074,cwindow03
72V253L7-5BC,cwindow04
DM7160J/883,cwindow05
BAG323AA-ZVD-3000MA,dupmc3pb02
CS5467K-ISZR,fab11c
9ZXL1930BKLF,fab3d
CD74HC238M,fab3g
ADE7868ACPZ-RL,fab4g
CY7C4205-15ASC,fab5c
CY7C4831-25AC,fab5e
MAX917EUK,fab5h
ASM000707,fab7e
CY7C425-25VC,fab7h
SN74F280BDR,fab8g
MC14066BDTEL,fab9c
ADE7978ACPZ-RL,fab9d
90E21PYGI8,fabbc1
MC74HC151ADTG,fabca2
9423DC,ftbirch1
9DB1200CGLF,ftbush1
MCP3913A1-E/MV,ftcyp1
SN74ACT7205L35NP,ftelm
CY7C464-65PC,ftfruita1
SN74ACT7202LA15DV,ftpine1
"74HC237D,652",horse03pb02
SN74V215-7PAG,k1062stk01
SN74ACT2236-20FN,m3001
SN74ALS280N3,m3003
SN74F251BN,ms1034
SN74ACT72231L35RJ,paper01
"74HC280D,652",paper02
SN74CB3Q3253DGVR,paper03
ADE7868ACPZ,racerbase
MAX9077EUA,rb00166
74FCT521CTSOG,rb00167
74FCT521ATQG8,rb00168
NV4V31MF-A,rb00169
CD74FCT521TQM,rb00170
CY74FCT480BTSOCTG4,rb00184
78M6613-IM/F/PSU,rb00193a
CS5460AK-BSZR,tplan01
72251L15PF,tplan02
SI52112-B3-GM2R,tplan03
CD74HCT40105E,trainsig2
CY7CD68321C-56LFXC,u9143
ADE7761ARS,u9154
ASM000710,u9206c01
AM7203A-15RC,u9213
SN74V245-7PAG,u9215
SN74ACT72211L50RJ,wheel1a
67C4013-10NL,wheel1b
ZL30120GGG2,wheel2a
ADE5566ASTZF62-RL,wheel2b
AM25LS2521PCB,x101b
MR8254/R,x1042b
SI52111-A1-GT,x1104
SN74ALS521N,x117px4
9DB102BFLF,x117px5
9DBL0452BKILF,x149
SN74LS682N,x157
AY-5-8136/J,x158
74VHCT138ASJ,x196
ADE7761AARSZ,x197
SN74CBT3245APWR,x206c01
SI52131-A11AGM,x225
ASM000705,x276
DSC557-0333FI1T,x407
MC74F257DR2,x456c01
RLD65PZX2-01A,x461
MC14052BFR1,x466
MCP39F511T-E/MQ,x469b
9E4101AFILF,x469ba
VLM-635-18 LPA,x469bb
MCP39F511NT-E/MQ,x469bc
CY7C429-15VC,x482
ASM002506,x489
82P33931-1BAG,x494cx1
QS74FCT521BTSO,x507
MAX988EUK,x515
VLM-635-56 LPO-D30-F40,x551
VLM-650-05 LPA,x555c01
90E36AERGI8,x564
QS723621-30TF,x579c02
90E24PYGI8,x581c05
74HC153D/S200118,x610c03
ASM002501,x610c04
SN74ACT7204L15NP,x636c01
D82C288-8,x655c01
MC14016BF,x655c02
9DB403DFLF,x655c03
SN74LVC138ANS,x661c01
SN74ACT7201LA35RJ,x661c02
CD4063BNSR,x661c03
ADE7757ARNZ,x661c04
71M6542FT-IGT/F,x837
MC74HC157AFR1,x838
LMV7251M7X,x869b
932SQ420DGLF,x870a
CD74HCT280E,x870bc01
MC74ACT138MEL,x871a
9ZXL1951DNHGI,x871b
SN74LS280N,x887px1
VLM-635-01 LPA,x946